slug,nama,jabatan,fraksi,dapil,perolehan_suara,komisi,badan_kerja,email,tempat_tgl_lahir,pendidikan,organisasi,lhkpn,,,,pekerjaan
t-zulkarnaini-ampon-bang,T. Zulkarnaini Ampon Bang,Anggota DPR RI 2024–2029,Partai Golongan Karya,ACEH I,91816,Komisi VII,,teuku.bang@dpr.go.id,"Peuleukung, 06 December 1949",1956 - 1962 — SD NEGERI 1 JEURAM; 1962 - 1966 — SMP NEGERI 1 JEURAM; 1966 - 1969 — SMA NEGERI 1 BLANG PIDIE; 1973 - 1976 — AKADEMI PEMERINTAHAN DALAM NEGERI (APDN) BANDA ACEH; 1978 - 1979 — FAKULTAS SOSIAL POLITIK SULTAN ISKANDAR MUDA,,,,,,"1983 - 1984 — BAGIAN PEMBINAAN SEKDA PROVINSI ACEH, Sebagai: KEPALA; 1984 - 1988 — DINAS PENDAPATAN KODYA SABANG, Sebagai: KEPALA; 1988 - 1991 — SEKSI PEMERINTAHAN UMUM KANTOR PEMBANTU GUBERNUR, Sebagai: KEPALA; 1991 - 1996 — CAMAT KECAMATAN DARUL MAKMUR KABUPATEN ACEH JAYA, Sebagai: CAMAT; 1996 - 1999 — DLLAJ KABUPATEN ACEH BARAT, Sebagai: KEPALA; 1999 - 2001 — KANSOSPOL KABUPATEN ACEH BARAT, Sebagai: KEPALA; 2001 - 2002 — BPM KABUPATEN ACEH BARAT, Sebagai: KEPALA; 2002 - 2006 — PEMKAB NAGAN RAYA, Sebagai: PJ BUPATI; 2007 - 2012 — PEMKAB NAGAN RAYA, Sebagai: BUPATI; 2012 - 2017 — PEMKAB NAGAN RAYA, Sebagai: BUPATI; Penghargaan; 2003 — SATYA LENCANA WIBAWA,; 2003 — SATYA LENCANA SAKTI,"
ilham-pangestu,Ilham Pangestu,Anggota DPR RI 2024–2029,Partai Golongan Karya,ACEH II,204199,Komisi IV,,ilham.pangestu@dpr.go.id,"Julok, 08 January 1979","- 2021 — Sekolah Tinngi Ilmu Ekonomi IBMT, Sarjana Manajemen; -; 1985 - 1991 — SDN 05 Kota Langsa; 1991 - 1994 — SMP Muhammadiyah Kota Langsa; 1994 - 1997 — STM Setia Budi Balikpapan",,,,,,"2014 - 2017 — Anggota DPR Kabupaten Langsa, Sebagai: Anggota; 2019 - 2024 — Anggota DPR RI, Sebagai: Anggota; Penghargaan; Tidak ada data"
samsul-bahri-tiyong,Samsul Bahri Tiyong,Anggota DPR RI 2024–2029,Partai Golongan Karya,ACEH II,86109,Komisi XIII,,samsul.tiyong@dpr.go.id,"Samalanga, 20 January 1972","2007 - 2008 — PKBM AL IKHLAS, IPS",,,,,,Tidak ada data; Penghargaan
musa-rajekshah,Musa Rajekshah,Anggota DPR RI 2024–2029,Partai Golongan Karya,SUMATERA UTARA I,190990,Komisi V,BKSAP,musa.rajekshah@dpr.go.id,"Medan, 01 April 1974","1980 - 1986 — Harapan Medan; 1986 - 1989 — Harapan Medan; 1989 - 1992 — Harapan Medan; 1992 - 1998 — UISU, FISIP; 2007 - 2009 — USU, FH; 2020 - 2024 — USU, FISIP",,,,,,"2014 - 2024 — Yayasan Haji Anif, Sebagai: Ketua; 2018 - 2023 — Pemerintah Provinsi Sumatera Utara, Sebagai: Wakil Gubernur; Penghargaan; Tidak ada data"
maruli-siahaan,Maruli Siahaan,Anggota DPR RI 2024–2029,Partai Golongan Karya,SUMATERA UTARA I,"36530	",Komisi XIII,,maruli.siahaan@dpr.go.id,"Siborong-borong, 03 April 1961","1968 - 1973 — SD Lobu Siregar, -; 1973 - 1976 — SMP Siborongborong, -; 1976 - 1980 — STM Negeri II Medan, Elektronika; 1984 - 1997 — Universitas Darma Agung Medan, Ilmu Hukum; 2006 - 2008 — Universitas Jayabaya Jakarta, Magister Ilmu Hukum; 2011 - 2014 — Universitas Brawijaya Malang, Ilmu Administrasi",,,,,,"1982 - 1982 — BA KOMLEK POLDA SUMUT, Sebagai: ANGGOTA; 1982 - 1982 — BA POLSEK DELI TUA, Sebagai: ANGGOTA; 1982 - 1986 — BA POLSEK MEDAN BARU, Sebagai: ANGGOTA; 1986 - 1987 — BA SERSE POLTABES MS, Sebagai: PENYIDIK; 1987 - 1993 — KANIT PD SAT SERSE POLTABES MEDAN POLDA SUMUT, Sebagai: KANIT VC POLTABES MEDAN; 2001 - 2002 — KAPOLSEKTA MEDAN TELADAN POLTABES MEDAN POLDA SUMUT, Sebagai: KAPOLSEK; 2002 - 2002 — KAPOLSEKTA MEDAN BARU POLTABES MEDAN POLDA SUMUT, Sebagai: KAPOLSEKTA; 2002 - 2005 — KASAT RESKRIM POLTABES MEDAN POLDA SUMUT, Sebagai: KASAT RESKRIM; 2005 - 2005 — PAMA PODA SUMUT, Sebagai: -; 2005 - 2006 — KAUR MINDIK BID KORWAN PPNS BARESKRIM POLRI, Sebagai: BAG ADMINISTRASI; 2006 - 2006 — PAMEN POLDA NTT, Sebagai: KASAT I KRIMUM POLDA NTT; 2006 - 2008 — PAMEN POLDA JATIM, Sebagai: -; 2008 - 2008 — PANIT SAT IDIK DITNARKOBA POLDA JATIM, Sebagai: KANIT I DIRNARKOBA POLDA JATIM; 2008 - 2009 — POK ADVOKAT BIDBINKUM POLDA JATIM, Sebagai: TIM ADVOKAT POLDA JATIM; 2009 - 2015 — KASUBDIT IV/SUMDALING DITRESKRIMSUS POLDA JATIM, Sebagai: KEPALA SUBBIDANG; 2015 - 2015 — KASUBDIT IV/TIPIDTER DITRESKRIMSUS POLDA JATIM, Sebagai: KEPALA SUBBIDANG; 2015 - 2016 — WADIRRESKRIMSUS POLDA SUMUT, Sebagai: WAKIL DIREKTUR; 2016 - 2017 — WADIRRESKRIMUM POLDA SUMUT, Sebagai: WAKIL DIREKTUR; 2017 - 2018 — KABAGBINOPS ROOPS POLDA SUMUT, Sebagai: KEPALA BAGIAN; 2018 - 2019 — KABIDKUM POLDA SUMUT, Sebagai: KEPALA BIDANG UMUM; 2019 - 2019 — ANJAK DIV BIDKUM MABES POLRI, Sebagai: -; Penghargaan; 2003 — Penghargaan atas Pengungkapan Kasus Ganja 2 Ton,; 2004 — Penghargaan Pengungkapan Kasus BOM ,; 2004 — Penghargaan Pengungkapan Curas dengan Senjata Api,; 2005 — Penangkapan Panglima GAM dengan Menyita Senjata Api,; 2009 — Piagam Kesetuiaan 8 Tahun Oleh Kapolri,; 2009 — Piagam Kesetiaan 16 Tahun Oleh Kapolri,; 2009 — Piagam dan Lenacana Kesetiaan 24 Tahun Oleh Kappolri,"
lamhot-sinaga,Lamhot Sinaga,Anggota DPR RI 2024–2029,Partai Golongan Karya,SUMATERA UTARA II,158973,Komisi VII,Wakil Ketua Komisi ,lamhot.sinaga@dpr.go.id,"Lintongnihuta, 08 February 1973","1979 - 1985 — SD BINTANG KEJORA LINTONGNIHUTA; 1985 - 1988 — SMP RK YOSEP LINTONGHINUTA; 1988 - 1992 — SMA PRIBADI TANGERANG; 1992 - 1998 — UNIVERSITAS TIRTAYASA BANTEN , TEKNIK KIMIA",,,,,,"-; , Sebagai:; 2010 - 2014 — PTPN IV, Sebagai: KOMITE MANAGEMEN RESIKO DEWAN KOMISARIS; 2014 - 2020 — PT. XOIXE CONPIVAL, Sebagai: DIREKTUR; 2014 - 2020 — PT. XOIXE KONTRUKSI, Sebagai: DIREKTUR; 2014 - 2020 — PT. MEGA ASRI PRATAMA, Sebagai: DIREKTUR; 2018 - 2020 — PT. ESWARECO TAMA, Sebagai: KOMISARIS; 2019 - — DPR RI, Sebagai: ANGGOTA DPR RI; Penghargaan; 1996 — PENEMUAN CONDESAT RETURN SYSTEM DARI PENI,; 1998 — TIM PELAKSAAN PERHITUNGAN FISIK PERSEDIAAN PT. KRAKATAU STEEL ,; 1999 — PIAGAM PENGHARGAAN LOMBA KARYA TULIS ILMIAH POPULER TENTANG HAKI,"
andar-amin-harahap,Andar Amin Harahap,Anggota DPR RI 2024–2029,Partai Golongan Karya,SUMATERA UTARA II,140063,Komisi II,Baleg ,andar.harahap@dpr.go.id,"Padangsidimpuan, 26 January 1982","1989 - 1995 — SD NEGRI PADANGSIDIMPUAN; 1995 - 1998 — SMPN PADANGSIDIMPUAN; 1998 - 2001 — SMA NEGRI PADANGSIDIMPUAN, IPA; 2001 - 2005 — DEPARTEMEN DALAM NEGRI REPUBLIK INDONESIA SEKOLAH TINGGI ILMU PEMERINTAHAN DALAM NEGRI, ILMU PEMERINTAHAN; 2006 - 2008 — DEPARTEMEN DALAM NEGRI REPUBLIK INDONESIA INSTITUT PEMERINTAHAN DALAM NEGRI , ILMU PEMERINTAHAN",,,,,,"2005 - 2006 — KANTOR CAMAT ANGKOLA BARAT, Sebagai: SEKERTARIS LURAH; 2009 - 2012 — BKD PADANG LAWAS UTARA, Sebagai: KABID MUTASI; 2012 - 2012 — KESBANGPOL, Sebagai: PLT KEPALA DINAS; 2013 - 2018 — KANTOR WALIKOTA PADANGSIDIMPUAN , Sebagai: WALIKOTA; 2018 - 2023 — KANTOR BUPATI PADANG LAWAS UTARA , Sebagai: BUPATI; Penghargaan; ,; 2014 — BAKTI KOPRASI DAN USAHA KECIL DAN MENENGAH , KEMENTRIAN KOPRASI DAN USAHA KECIL DAN MENENGAH; 2016 — PEDULI HAM , KEMENTRIAN HUKUM DAN HAM; 2016 — ADHIKARYA PANGAN NUSANTARA , GUBERNUR SUMATERA UTARA; 2016 — KREASI PERKEMBANGAN RESEP , PEMERINTAH PROVINSI BADAN KETAHANAN PANGAN; 2016 — JUARA STAND TERBAIK III, PEMERINTAH BATAM INAFACT; 2016 — JUARA II PROGRAM TERPADU PENINGKATAN PERAN WANITA KELUARGA SEHAT , KEPALA BAPEMNAS DAN PEMDES PROVISI SUMATERA UTARA; 2018; SATYA LENCANA DAN PENGHARGAAN ADITYA KARYA MAHATYA YODHA AWARD 2018 (AKMY), KEMENTRIAN SOSIAL"
trinovi-khairani,Trinovi Khairani,Anggota DPR RI 2024–2029,Partai Golongan Karya,SUMATERA UTARA II,99419,Komisi I,BKSAP,trinovi.khairani@dpr.go.id,"Rantau Prapat, 16 November 1996",2002 - 2008 — SD Al-Azhar Medan; 2008 - 2011 — SMP Shafiyyatul Amaliyah; 2011 - 2014 — SMA Shafiyyatul Amaliyah; 2018 - 2020 — Lim Kok Wing University of Creative Technology,,,,,,Tidak ada data; Penghargaan
ahmad-doli-kurnia-tandjung,Ahmad Doli Kurnia Tandjung,Anggota DPR RI 2024–2029,Partai Golongan Karya,SUMATERA UTARA III,141846,Komisi II,Baleg ,ahmad.tandjung@dpr.go.id,"Medan, 26 July 1971","1978 - 1984 — SD BHAYANGKARI MEDAN; 1984 - 1987 — SMPN 1 MEDAN; 1987 - 1990 — SMAN 1 MEDAN; 1991 - 1996 — UNIVERSITAS PADJAJARAN, MATEMATIKA; 1997 - 2000 — INSITUT TEKNOLOGI BANDUNG, STUDI PEMBANGUNAN; 2014 - 2018 — UNIVERSITAS PADJAJARAN, ILMU POLITIK",,,,,,"1998 - 2000 — PT.Satyatama Ghaya Tara, Sebagai: Staf Ahli Direksi; 2002 - 2004 — Wakil Presiden RI, Sebagai: Asisten Staf Khusus; 2002 - 2019 — CV.Sari Surya Kurnia, Sebagai: Direktur Utama; 2002 - 2019 — PT.Kurnia Sari Abadi, Sebagai: Direktur Utama; 2003 - 2010 — Institute for Economic Policy and Good Governance, Sebagai: Direktur Program; 2004 - 2007 — Komisi VI DPR RI, Sebagai: Staf Ahli; 2005 - 2019 — Akbar Tandjung Institute, Sebagai: Direktur Seminar dan Pelatih; 2005 - 2019 — Surya Kurnia Group, Sebagai: Presiden Direktur; 2005 - 2019 — PT.Mutiara Kalam , Sebagai: Komisaris; 2006 - 2010 — PT.Balai Pustaka, Sebagai: Komisaris; 2010 - 2019 — PT.CLGS, Sebagai: Komisaris; Penghargaan; Tidak ada data"
delia-pratiwi-br-sitepu,Delia Pratiwi Br. Sitepu,Anggota DPR RI 2024–2029,Partai Golongan Karya,SUMATERA UTARA III,119047,Komisi IX,,delia.sitepu@dpr.go.id,"BINJAI, 30 March 1988","1994 - 2000 — AHMAD YANI BINJAI; 2000 - 2003 — AHMAD YANI BINJAI; 2003 - 2006 — AL-AZHAR MEDAN; 2006 - 2010 — UNIV. MUHAMMIDIYAH SUMATERA UTARA, HUKUM",,,,,,"2014 - 2019 — DPR RI, Sebagai: ANGGOTA; Penghargaan; 2017 — TOKOH PEDULI PEMUDA,"
mangihut-sinaga,Mangihut Sinaga,Anggota DPR RI 2024–2029,Partai Golongan Karya,SUMATERA UTARA III,59947,Komisi III,MKD,mangihut.sinaga@dpr.go.id,"Medan, 08 April 1962","1969 - 1975 — Sekolah Dasa Negeri Kp Juhar; 1975 - 1978 — Sekolah Menengah Pertama Negeri Kp Juhar; 1978 - 1982 — Sekolah Menengah Pekerjaan Sosial (SMPS) Pematang Siantar; 1982 - 1986 — Universitas Tridharma Balikpapan, Ilmu Hukum; 2012 - 2014 — Universitas Airlangga, Ilmu Hukum",,,,,,"1993 - 1997 — Kejaksaan Negeri Balikpapan, Sebagai: Kasubsi Sosial dan Budaya pada Seksi Intelijen; 1997 - 1999 — Cabang Kejaksaan Negeri Tenggarong, Sebagai: Kepalpa Cabang Kejaksaan Negeri; 1999 - 2000 — Kejaksaan Negeri Balikpapan, Sebagai: Kepala Seksi Tindak Pidana Umum; 2000 - 2001 — Kejaksaan Negeri Balikpapan, Sebagai: Kepala Seksi Tindak Pidana Umum merangkap Jaksa Ekonomi; 2001 - 2003 — Kejaksaan Negeri Bontang, Sebagai: Kepala Kejakaan Negeri merangkap Jaksa Ekonomi; 2003 - 2004 — Kejaksaan Negeri Purwodadi, Sebagai: Kepala Kejaksaan Negeri; 2004 - 2007 — Kejaksaan Tinggi Kalimantan Timur, Sebagai: Asisten Intelijen; 2007 - 2008 — Kejaksaan Negeri Medan, Sebagai: Kepala Kejaksaan Negeri; 2008 - 2011 — Kejaksaan Tinggi Jawa Tengah, Sebagai: Asisten Perdata dan Tata Usaha Negara; 2011 - 2011 — Kejaksaan Agung RI, Sebagai: Pengkaji pada Jaksa Agung Muda Intelijen; 2011 - 2012 — Kejaksaan Agung RI, Sebagai: Koordinator Pada Jaksa Agung Muda Intelijen; 2012 - 2013 — Kejaksaan Tinggi Sumatera Utara, Sebagai: Wakil Kepala Kejaksaan Tinggi; 2013 - 2014 — Kejaksaan Tinggi Nusa Tenggara Timur, Sebagai: Kepala Kejaksaan Tinggi; 2014 - 2017 — Badiklat Kejaksaan Agung RI, Sebagai: Kampus Pendidikan Manajemen dan Kepemimpinan; 2017 - 2018 — Kejaksaan Tinggi Sulawesi Utara, Sebagai: Kepala Kejaksaan Tinggi; 2018 - 2020 — Kejaksaan Agung RI, Sebagai: Inspektur V pada Jaksa Agung Muda Pengawasan; 2020 - 2022 — Kejaksaan Agung RI, Sebagai: Staff Ahli Jaksa Agung RI; Penghargaan; 2001 — Piagam Penghargaan Tanda Kehormatan Satya Lencana Karya Satya X (Sepuluh) Tahun, Presiden Aburrahman Wahid; 2011 — Piagam Penghargaan Tanda Kehormatan Satya Lencana Karya Satya XX (Dua Puluh) Tahun, Presiden Susilo Bambang Yudhoyono; 2019 — Piagam Penghargaan Tanda Kehormatan Satya Lencana Karya Satya XXX (Tiga Puluh) Tahun, Presiden Joko Widodo"
zigo-rolanda,Zigo Rolanda,Anggota DPR RI 2024–2029,Partai Golongan Karya,SUMATERA BARAT I,58107,Komisi V,Banggar,zigo.rolanda@dpr.go.id,"Rimbo Tangah, 10 December 1991","1997 - 2003 — SD Negeri 10 Rimbo Tangah; 2003 - 2006 — MTs Negeri Lubuk Gadang; 2006 - 2009 — SMA Negeri 3 Solok Selatan; 2009 - 2016 — Universitas Andalas, Ekonomi; 2019 - 2022 — STIE AKBP, Manajemen",,,,,,"2014 - 2019 — DPRD Provinsi Sumatera Barat, Sebagai: Anggota; 2019 - 2024 — DPRD Kabupaten Solok Selatan, Sebagai: Ketua; Penghargaan; Tidak ada data"
benny-utama,Benny Utama,Anggota DPR RI 2024–2029,Partai Golongan Karya,SUMATERA BARAT II,75255,Komisi III,Bamus,benny.utama@dpr.go.id,"Jakarta, 01 September 1961",1967 - 1973 — SDN 2 Lubuk Sikaping; 1973 - 1976 — SMEP Negeri Lubuk Sikaping; 1978 - 1980 — SMPP 35 Jakarta; 1980 - 1985 — Universitas Muhammadiyah Sumatera Barat di Bukit Tinggi; 2001 - 2003 — Universitas Negeri Padang,,,,,,"1987 - 1999 — Kejaksaan Agung RI, Sebagai: Jaksa; 2000 - 2005 — Pemerintah Daerah Kab. Pasaman, Sebagai: Wakil Bupati; 2009 - 2010 — DPRD Kab. Pasaman, Sebagai: Ketua DPRD Kab. Pasaman; 2010 - 2015 — Pemerintah Daerah Kab. Pasaman, Sebagai: Bupati Pasaman; 2019 - 2024 — DPRD Provinsi Sumatera Barat, Sebagai: Anggota DPRD; 2021 - 2023 — Pemerintah Daerah Kab. Pasaman, Sebagai: Bupati Pasaman; Penghargaan; Anubhawa Sasana Desa, Kementerian Hukum dan HAM RI; Lencana Melati, Kwarnas Pramuka; Citra Bhakti Abdi Negara, Pemerintah Provinsi Sumatera Barat; Adhikarya Pangan Nusantara, Pemerintah Provinsi Sumatera Barat; Satyalencana Karya Bhakti Praja Nugraha, Presiden RI"
maharani,Maharani,Anggota DPR RI 2024–2029,Partai Golongan Karya,RIAU I,79006,Komisi IX,Baleg,maharani@dpr.go.id,"Sintong, 01 June 1996","2002 - 2008 — SDN 013 Sintong; 2008 - 2011 — SMP 4 Tanah Putih; 2011 - 2014 — SMAN 3 Tanah Putih; 2014 - — Universitas Abdurab Pekanbaru, Kedokteran; 2022 - — Universitas Lancang Kuning, Manajemen",,,,,,Tidak ada data; Penghargaan
karmila-sari,Karmila Sari,Anggota DPR RI 2024–2029,Partai Golongan Karya,RIAU I,89835,Komisi X,Baleg,karmila.sari@dpr.go.id,"Duri, 20 April 1982","- 2004 — UNIVERSITAS TARUMANEGARA, SYSTEM INFORMASI; - 2008 — UNIVERSITAS INDONESIA, MANAJEMEN; - 2022 — UNIVERSITAS BRAWIJAYA, ILMU ADMINISTRASI; 1988 - 1994 — SDN 23 CINTA RAJA, -; 1994 - 1997 — SMPN 1 PEKANBARU, -; 1997 - 2000 — SMAN 1 PEKANBARU",,,,,,"2009 - 2014 — DPRD Kabupaten Rohil, Sebagai: Sekretaris Fraksi Golkar DPRD Kab. Rohil; 2009 - 2014 — DPRD Kabupaten Rohil, Sebagai: Anggota DPRD Kab. Rohil; 2009 - 2014 — DPRD Provinsi Riau, Sebagai: Sekretaris Fraksi Golkar DPRD Provinsi Riau; 2009 - 2014 — DPRD Provinsi Riau, Sebagai: Anggota DPRD Provinsi Riau; 2015 - — DPRD Provinsi Riau, Sebagai: Wakil Ketua Pansus Taman Hutan Raya; 2015 - — DPRD Provinsi Riau, Sebagai: Ketua Pansus Pemanfaatan Alat Bantu Produksi Lokal Dalam Bidang Pereknomian; 2017 - — DPRD Provinsi Riau, Sebagai: Ketua Pansus RPIP Riau (Rencana Pembangunan Industri Prov. Riau; 2017 - 2019 — DPRD Provinsi Riau, Sebagai: Wakil Ketua Komisi B DPRD Provinsi Riau; 2019 - 2024 — DPRD Provinsi Riau, Sebagai: Anggota DPRD Provinsi Riau; 2020 - 2024 — DPRD Provinsi Riau, Sebagai: Ketua Fraksi Golkar DPRD Provinsi Riau; 2021 - — DPRD Provinsi Riau, Sebagai: Ketua Pansus Konversi Bank Riau Kepri Syariah; 2022 - — DPRD Provinsi Riau, Sebagai: Ketua Pansus Pengarusutamaan Gender; 2022 - 2023 — DPRD Provinsi Riau, Sebagai: Ketua Pansus LKPJ (Laporan Keterangan Pertanggungjawaban Kepala Daerah Provinsi Riau); 2022 - 2024 — DPRD Provinsi Riau, Sebagai: Wakil Ketua Komisi V DPRD Provinsi Riau; 2024 - 2029; DPR RI, Sebagai: Anggota terpilih periode 2024-2029 — Penghargaan; 2023; Golkar Media Award 2023, Konten Terbaik,; 2024; Anugerah JMSI (Jaringan Media Siber Indonesia) Award 2024, Politisi Muda Bertalenta,"
yulisman,Yulisman,Anggota DPR RI 2024–2029,Partai Golongan Karya,RIAU II,72183,Komisi XII,BAM,yulisman@dpr.go.id,"Air Molek, 10 July 1974","1980 - 1986 — SDN Negeri 001 Airmolek; 1986 - 1989 — SMP Negeri 1 Airmolek; 1989 - 1992 — SMA Negeri 1 Airmolek; 1992 - 1999 — Universitas Riau, Kimia; 2020 - 2022 — Universitas Lancang Kuning, Manajemen; 2023 - — Universitas Lancang Kuning, Hukum; 2023 - — Universitas Muhammadiyah Malang, Sosiologi",,,,,,Tidak ada data; Penghargaan
cek-endra,Cek Endra,Anggota DPR RI 2024–2029,Partai Golongan Karya,JAMBI,100112,Komisi XII,,cek.endra@dpr.go.id,"Mandiangin, 17 March 1958",1964 - 1970 — SD NEGERI 56/IV MANDIANGIN; 1970 - 1973 — SMP NEGERI 4 KOTA JAMBIi; 1973 - 1976 — SMK NEGERI 1 KOTA JAMBI; 1977 - 1981 — AKADEMI UANG DAN BANK (AKUB) YOGYAKARTA; 1983 - 1986 — UNIVERSITAS KRISNAWIPAYANA,,,,,,"1986 - — PT. Tugu Pratama Indonesia, Jakarta, Sebagai: Kepala Bagian Keuangan; 1991 - — PT. Tugu Pratama Indonesia, Jakarta, Sebagai: Kepala Divisi Keuangan; 1992 - — JH. Minet. Co.Ltd, London, Sebagai: Executive Trainer; 1993 - — PT. Tugu Pratama Indonesia, Jakarta, Sebagai: Direktur Utama; 1993 - — Tugu insurance. Co.Ltd, Hongkong, Sebagai: Refresentatif Manager; 1993 - — Bourse Game, Singapura, Sebagai: Eksekutif Trainer; 1993 - — Citibank NA, Bangkok Thailand, Sebagai: Eksekutif Trainer; 1994 - — Tugu Insurance. Co.Ltd, London, Sebagai: Refresentatif Manager; 1996 - — PT. Tugu Suban Rezeki Abadi, Jakarta, Sebagai: Direktur Utama; 1996 - — PT. Masurai Agro Sejahtera, Jambi, Sebagai: Direktur Utama; 1996 - — PT. Gunung Kembang Mandiri, Jambi, Sebagai: Direktur Utama; 1996 - — PT. Sarolangun Bara Prima, Jambi, Sebagai: Direktur Utama; Penghargaan; 2009 — Lencana Melati Tingkat Nasional, Kwartir Nasional Pramuka; 2010 — Piala Adipura Sebagai Kota Kecil Terbersih, Presiden RI; 2012 — Penyuluh Pertanian Swadaya Teladan, Tingkat Nasional, Menteri Pertanian RI; 2013 — Anugrah Pangripta Nusantara Utama, Menteri PPN/Kepala Bapenas; 2014 — Penghargaan Kelembagaan Ekonomi Petani Berprestasi Tingkat Nasional, Menteri Pertanian RI; 2015 — Penghargaan Pembina Keselamatan Kesehatan Kerja Tingkat Nasional , Menteri Tenaga Kerja RI; 2018 — Penghargaan Peran Aktif dalam Pendampingan dan Pembangunan Kehidupan Suku Anak Dalam/Orang Rimba di Taman Nasional Bukit Dua Belas, Dirjen Konservasi SDA dan ekosistem Kemen LHK RI; 2018 — Nominator Utama Kategori Kepatuhan dan Kualitas Tata Kelola Seleksi Terbuka Pengisian Jabatan Pimpinan Tinggi , Komisi Aparatur Sipil Negara RI; 2019; Anugerah Kepemudaan 2019 Kategori Layak Pemuda, Menpora RI"
hasan-basri-agus,Hasan Basri Agus,Anggota DPR RI 2024–2029,Partai Golongan Karya,JAMBI,87884,Komisi VIII,MKD,hasan.agus@dpr.go.id,"Sungai Abang, 31 December 1953","- 1968 — SD NEGERI NO 50/VI; - 1971 — MTS A.I.NOLAKKEMANG; - 1977 — SMA NEGERI I JAMBI; 1979 - 1983 — APDN JAMBI , ILMU PEMERINTAHAN; 1986 - 1988 — FISIPOL USU MEDAN , ILMU KES.SOSIAL; 1999 - 2000 — STIM LPMI , MANAJEMEN",,,,,,"1977 - 1999 — pemda tk I jambi , Sebagai: kepala biro kepegawaian; 1989 - 1990 — pemda tk II batanghari , Sebagai: camat mersam; 1990 - 1994 — pemda tk II batanghari , Sebagai: camat muara tembesi; 1994 - 1996 — pemda tk II BUNGOTEBO, Sebagai: kepala kantor capil; 1996 - 1997 — pemda tk II batanghari , Sebagai: pj. asisten II sekwilda; 1999 - 2006 — pemda tk II kota jambi , Sebagai: sekda kota jambi; 2006 - 2010 — pemkab sarolangun , Sebagai: bupati sarolangun; 2010 - 2015 — pemprov jambi , Sebagai: gubernur jambi; Penghargaan; 2009 — bintang jasa pratama ,; 2009 — lencana permata bangsa ,; 2010 — citra bkhakti abdi negara ,; 2011; anugerah pagrita nusantara 2011,; 2013 — pembina keselamatan dan kesehatan kerja ,; 2013 — angurah parahita ekapraya ,; 2013 — satya lencana kebhakitan sosial ,; 2013 — bintang maha putra utama ,; 2014 — pingat emas kesultanan perak malaysia ,; 2015 — pengelolaan keuangan daerah predikat ,"
kahar-muzakir,Kahar Muzakir,Anggota DPR RI 2024–2029,Partai Golongan Karya,SUMATERA SELATAN I,185597,Komisi XI,,kahar.muzakir@dpr.go.id,"Muba-Pengaturan, 10 December 1946","- 1969 — SEKOLAH TEKNIK; - 1959 — MUHAMMADIYAH 1; - 1965 — ISLAM YOGYAKARTA; - 1974 — IKIP YOGYAKARTA, TEKNIK MESIN",,,,,,"-; SPV. TRAINING DI PERTAMINA, Sebagai:; 1975 - — EQUIPMENT OPERATOR TRAINING TRAKINDO, Sebagai:; 1993 - — PT. HELINDO GRAHA, Sebagai: DIREKTUR; 2001 - — PT. PUTRA KARYA SARANA, Sebagai: DIRUT; 2004 - 2009 — DPR / MPR RI, Sebagai: ANGGOTA; 2009 - 2014 — DPR / MPR RI, Sebagai: ANGGOTA; 2014 - 2019 — DPR / MPR RI, Sebagai: ANGGOTA; Penghargaan; Tidak ada data"
yudha-novanza-utama,Yudha Novanza Utama,Anggota DPR RI 2024–2029,Partai Golongan Karya,SUMATERA SELATAN I,123382,Komisi I,,yudha.utama@dpr.go.id,"Palembang, 22 November 1982","1988 - 1994 — SD MUHAMMADIYAH I PALEMBANG; 1994 - 1997 — SMPN 1 PALEMBANG; 1997 - 2000 — SMUN 10 PALEMBANG; 2019 - 2022 — STIE STAN - INDONESIA MANDIRI BANDUNG, MANAJEMEN",,,,,,"2012 - — PT. PANDAWA MAJU JAYA, Sebagai: DIREKTUR UTAMA; 2019 - — PT. PANDAWA MAJU JAYA, Sebagai: KOMISARIS UTAMA; 2020 - — PT. PANDAWA PERKASA INDONESIA, Sebagai: KOMISARIS UTAMA; Penghargaan; TOKOH INSPIRASI SRIWIJAYA, LINTAS POLITIKA INDONESIA"
dewi-yustisiana,Dewi Yustisiana,Anggota DPR RI 2024–2029,Partai Golongan Karya,SUMATERA SELATAN II,115429,Komisi XII,Banggar,dewi.yustisiana@dpr.go.id,"Palembang, 25 February 1978","1983 - 1989 — SD NEGERI 56 PALEMBANG; 1989 - 1992 — SMP NEGERI 1 PALEMBANG; 1992 - 1995 — SMA NEGERI 1 PALEMBANG, SOSIAL; 1995 - 1999 — UNIVERSITAS SRIWIJAYA, HUKUM; 2001 - 2002 — UNIVERSITAS INDONESIA, KENOKTARIATAN",,,,,,"2005 - 2006 — PT PUTRA SUMBER UTAMA TIMBER, Sebagai: SENIOR LEGAL COUNSEL; 2006 - 2007 — PT PUTRA SUMBER UTAMA TIMBER, Sebagai: LEGAL MANAGER; 2007 - 2019 — PT SHELL INDONESIA, Sebagai: SENIOR LEGAL COUNSEL; 2019 - 2020 — PT SEMEN BATURAJA, Tbk, Sebagai: KOMISARIS INDEPENDEN; 2020 - 2022 — PT PERTAMINA LUBRICANTS, Sebagai: PRESIDEN KOMISARIS; 2022 - 2023 — PT PERTAMINA INTENASIONAL EKSPLORASI, Sebagai: KOMISARIS; Penghargaan; Tidak ada data"
derta-rohidin,Derta Rohidin,Anggota DPR RI 2024–2029,Partai Golongan Karya,BENGKULU,136113,Komisi VIII,,derta.rohidin@dpr.go.id,"Manna, 17 December 1971","1978 - 1984 — SD Negeri 10 Manna Bengkulu Selatan; 1984 - 1987 — SMP Negeri 2 Manna Bengkulu Selatan; 1987 - 1990 — SMA Negeri 4 Bengkulu; 1993 - 1997 — Sekolah Tinggi Kesejahteraan Sosial Bandung, Kesejahteraan Sosial (Diploma 4)",,,,,,"2024 - 2029 — DPR/MPR RI, Sebagai: Anggota; Penghargaan; 2023 — Manggala Karya Kencana BKKBN RI, BKKBN RI"
rycko-menoza-szp,Rycko Menoza Szp,Anggota DPR RI 2024–2029,Partai Golongan Karya,LAMPUNG I,53813,Komisi VII,Baleg,rycko.menoza@dpr.go.id,"Jakarta, 30 August 1971","1975 - 1976 — SD Iskandaria, Kebayoran Baru, Jakarta Selatan; 1976 - 1978 — SD Islam Al-Azhar, Kebayoran Baru, Jakarta Selatan; 1978 - 1980 — SD Indriasana, Palembang, Sumatera Selatan; 1981 - 1982 — SMP Xaverius 1, Putra Kamboja, Palembang, Sumsel; 1983 - 1986 — SMP Xaverius, Pahoman, Bandar Lampung; 1986 - 1988 — SMA Al-Azhar, Kebayoran Baru, Jakarta Selatan; 1988 - 1989 — SMA Negeri 5 Bandung, Jawa Barat; 1991 - 1996 — Universitas Parahyangan, Bndung, Jawa Barat; 1996 - 1998 — Master Business Administration, Okhlahoma City University, Okhlahoma, USA; 2001 - 2005 — Universitas Palembang, Sumsel",,,,,,"1999 - 2000 — Deltec System, Virginia, USA, Sebagai: Marketing; 2000 - 2001 — PT. Bnagka Puri Waspada, Pangkal Pinang, Sebagai: Direktur; 2001 - 2002 — PT. Tirta Larastama Dinamika Finance, Pangkal Pinang, Sebagai: General Manager; 2002 - — PT. Polygrana, Jakarta, Sebagai: Direktur Utama; 2007 - — PT. Energy Lampung, Bandar Lampung, Sebagai: Komisaris; 2007 - — PT. Sumber Tambang Lampung, Jakarta, Sebagai: Komisaris; 2010 - 2015 — Kepala Daerah Lampung Selatan, Sebagai: Bupati; Penghargaan; 2011 — Piala Adi Pura Ke-8 Bidang Lingkungan Hidup, PRESIDEN REPUBLIK INDONESIA; 2012 — PIALA ADIPURA KE-9 BIDANG LINGKUNGAN HUDUP, PRESIDEN REPUBLIK INDONESIA; 2012 — ANUGRAH PARAHITA EKAPRAYA (APE), KEMENTRIAN PEMBERDAYAAN PEREMPUAN; 2014 — SATYA KARYA PEMBANGUNAN, PRESIDEN REPUBLIK INDONESIA; 2014 — LENCANA EMAS ADI BHAKTI TANI UTAMA, PRESIDEN REPUBLIK INDONESIA; 2014 — ADITYA KARYA MAHATYA YODHA TINGKAT NASIONAL, MENTERI SOSIA REPUBLIK INDONESIA; 2015 — SATYA LENCANA DARMA BHAKTI PRAMUKA, PRESIDEN REPUBLIK INDONESIA; 2015 — OPINI WAJAR TANPA PENGECUALIAN (WTP), PRESIDEN REPUBLIK INDONESIA; 2015 — OPINI WAJAR TANPA PENGECUALIAN (WTP), BPK RI PERWAKILAN LAMPUNG; 2015 — BIDANG PETERNAKAN, MENTERI PERTANIAN; 2015 — PENINGKATAN PRODUKSI BERAS NASIONAL (P2BN), MENTERI PERTANIAN; 2015 — KARYA KENCANA TINGKAT NASIONAL, KEPALA BKKBN REPUBLIK INDONESIA"
hanan-a-rozak-m-s,Hanan A. Rozak M.S,Anggota DPR RI 2024–2029,Partai Golongan Karya,LAMPUNG II,93830,Komisi V,Bamus,hanan.rozak@dpr.go.id,"Bandar Lampung, 25 December 1960","1967 - 1972 — SDN 19 Tanjung Karang; 1973 - 1975 — SMP N II Tanjung Karang; 1976 - 1979 — SMA N II Tanjung Karang, IPA; 1979 - 1983 — IPB Bogor, Teknik Hasil Pertanian; 1988 - 1991 — UNPAD Bandung, Ekonomi Pertanian",,,,,,"2011 - 2011 — Pemerintah Kab Tulang Bawang Barat, Sebagai: Pejabat Bupati; 2011 - 2012 — Sekretaris DPRD Prov Lampung, Sebagai: Plt. Sekretaris DPRD; 2012 - 2012 — Dinas Perkebunan Provinsi Lampung , Sebagai: Kepala Dinas; 2012 - 2017 — Pemeritah Kab Tulang Bawang , Sebagai: Bupati Tulang Bawang; Penghargaan; 2005 — Satya Lencana Karya Satya 20 Tahun, Dinas Perkebunan dan Kehutanan; 2015 — Satya Lencana Karya Satya 30 Tahun, Bupati Tulang Bawang"
aprozi-alam,Aprozi Alam,Anggota DPR RI 2024–2029,Partai Golongan Karya,LAMPUNG II,55008,Komisi VIII,,aprozi.alam@dpr.go.id,"KOTABUMI, 10 December 1969","1983 - 1986 — SMP NEGRI 1 KOTABUMI; 1986 - 1989 — SMA PGRI 1 KOTABUMI; 1997 - 1983 — SD NEGRI NO.13 KOTABUMI; 2003 - 2007 — STIE SATU NUSA, MANAGEMENT",,,,,,"1998 - 2003 — CV. Alam Persada Grub, Sebagai: Direktur; 2010 - - — Wisma Fazha, Sebagai: Komisaris; 2015 - 2018 — PT. Alam Persada Karya, Sebagai: Direktur Utama; 2015 - - — PT. Davita Karya Mandiri, Sebagai: Komisaris; Penghargaan; 2017; Anggota Teladan Tahun Buku 2016,"
bambang-patijaya,Bambang Patijaya,Anggota DPR RI 2024–2029,Partai Golongan Karya,KEPULAUAN BANGKA BELITUNG,87970,Komisi XII,Ketua Komisi ,bambang.patijaya@dpr.go.id,"Sungailiat, 11 July 1977","1983 - 1989 — BUDI UTOMO; 1989 - 1992 — MARIA GORETTI; 1992 - 1995 — SMAN 1 SUNGAILIAT; 1995 - 2000 — UNIVERSITAS TARUMANEGARA , EKONOMI; 2000 - 2012 — PERGURUAN TINGGI BANGKA (PERTIBA), MANAJEMEN",,,,,,"-; PT.BAHANA PRATAMA KONRUKSI , Sebagai: KOMISARIS; PT.BANGKA CAKRA KARYA , Sebagai: HUMAS; Penghargaan; Tidak ada data"
rizki-faisal,Rizki Faisal,Anggota DPR RI 2024–2029,Partai Golongan Karya,KEPULAUAN RIAU,73664,Komisi III,,rizki.faisal@dpr.go.id,"PEKANBARU, 18 March 1976",- 1988 — SDN 01 PEKANBARU; - 1991 — SMPN 01 PEKANBARU; - 1995 — SMAN 07 PEKANBARU; - 2012 — SEKOLAH TINGGI EKONOMI ADHY NIAGA,,,,,,"2009 - 2014 — LEGISLATIF, Sebagai: KETUA KOMISI IV DPRD PROVINSI; 2014 - 2019 — LEGISLATIF, Sebagai: WAKIL KETUA I DPRD PROVINSI; 2019 - 2022 — LEGISLATIF, Sebagai: KETUA KOMISI IV DPRD PROVINSI; 2022 - 2024 — LEGISLATIF, Sebagai: WAKIL KETUA I DPRD PROVINSI; Penghargaan; Tidak ada data"
abraham-sridjaja,Abraham Sridjaja,Anggota DPR RI 2024–2029,Partai Golongan Karya,DKI JAKARTA II,76945,Komisi I,BKSAP,abraham.sridjaja@dpr.go.id,"SURABAYA, 30 June 1992","-; 1998 - 2004 — SD SANTA MARIA; 2004 - 2007 — SMP SANTA MARIA; 2007 - 2010 — SMA SANTA AGNES, IPA; 2010 - 2014 — UNIVERSITAS AIRLANGGA, HUKUM; 2014 - 2016 — UNIVERSITAS INDONESIA, HUKUM; 2022 - — UNIVERSITAS AIRLANGGA, HUKUM",,,,,,"2014 - 2024 — SRIJAYA LAW FIRM, Sebagai: ADVOKAT; Penghargaan; 2018; Ten Outstanding Young Person Awards (JCI) 2018,; 2023; Politisi Muda Golkar Terpopuler 2023,"
erwin-aksa,Erwin Aksa,Anggota DPR RI 2024–2029,Partai Golongan Karya,DKI JAKARTA III,186897,Komisi VIII,,erwin.aksa@dpr.go.id,"Ujung Pandang, 07 December 1975","1981 - 1987 — SD Pembangunan III Makassar-Sulawesi Selatan; 1987 - 1990 — SMP Islam Athirah, Makassar-Sulawesi Selatan; 1990 - 1993 — SMAN 5 Bandung; 1993 - 1997 — University of Pittsburgh, Pennsylvania, USA",,,,,,Tidak ada data; Penghargaan
atalia-praratya,Atalia Praratya,Anggota DPR RI 2024–2029,Partai Golongan Karya,JAWA BARAT I,"234065	",Komisi VIII,BURT,atalia.praratya@dpr.go.id,"Bandung, 20 November 1973","1980 - 1986 — SDN KAYU PUTIH 13 PAGI; 1986 - 1989 — SMP NEGERI 2 BANDUNG; 1989 - 1992 — SMA NEGERI 5 BANDUNG; 1992 - 1996 — UNIVERSITAS PADJADJARAN, EKONOMI; 1992 - 1997 — UNIVERSITAS KATOLIK PARAHYANGAN, HUBUNGAN INTENASIONAL; 2015 - 2017 — UNIVERSITAS PASUNDAN, MAGISTER ILMU KOMUNIKASI; 2019 - 2022 — UNIVERSITAS PADJADJARAN, DOKTOR ILMU KOMUNIKASI",,,,,,"1996 - 1997 — HOTEL HOLIDAY INN BANDUNG, Sebagai: MARKETING; 1997 - 2002 — JCG FINANCE & CO, HONG KONG, Sebagai: STAF ADMINISTRASI; 2004 - 2005 — PT URBANE INDONESIA, Sebagai: STAF ADMINISTRASI; 2005 - 2011 — PT URBANE INDONESIA, Sebagai: KEPALA ADMINISTRASI; 2011 - 2013 — PT URBANE INDONESIA, Sebagai: DIREKTUR KEUANGAN; 2013 - — PT URBANE INDONESIA, Sebagai: KOMISARIS; 2020 - — UNIVERSITAS WIDYATAMA BANDUNG, Sebagai: STAFF PENGAJAR DI UNIVERSITAS WIDYATAMA; Penghargaan; 2016 — PENERIMA PENGHARGAAN SEBAGAI PEREMPUAN PENGGERAK PEMBANGUNAN DI JAWA BARAT, HARIAN UMUM BANDUNG EKSPRESS; 2016 — INNOVATIVE WOMAN FIGURE FROM THE INSTITUTE OF DEMOCRACY AND EDUCATION, IDE AWARD; 2017 — PENERIMA PENGHARGAN BERHASIL DALAM MENGELOLADAN MENGEMBANGKAN , GUBERNUR JAWA BARAT; 2017 — PEMBINA TERBAIK P2WKSS ATEGORI KOTA DALAM RANGKA MEMPERINGATI HARI IBU KE-89, GUBERNUR JAWA BARAT; 2017 — PENERIMA TANDA PENGHARGAAN MANGGALA KARYA KENCANA, WIRA KARYA KENCANA, DHARMAKARYA KENCANA DAN CIPTA KARYA KENCANA, BKKBN NASIONAL; 2017 — PENERIMA PENGHARGAAN PENGABDI MASYARAKAT DI BIDANG INOVASI DAN KREATIFITAS DALAM KARTINI AWARDS JAWA BARAT, REKTOR UNIVERSITAS KEBANGSAAN; 2019 — MENERIMA PENGHARGAAN GERAKAN KEMASYARAKATAN MAAN IKAN (GEMARIKAN) KATEGORI FORIKAN PROVINSI, KEMENTERIAN KELAUTAN DAN PERIKANAN RI; 2019 — PENERIMA PENGHARGAAN SEBAGAI BUNDA PAUD PROVINSI JAWA BARAT ATAS DEDIKASI, SINERGI DAN KOLABORASI DENGAN HIMPAUDI NASIONAL DALA MEWUJUDKAN SDM UNGGUL SEJAK DINI, HIMPAUDI NASIONAL; 2019; PENGHARGAAN PEREMPUAN INSPIRASI INDONESIA 2019 KATEGORI PENGGIAT NASIONAL, IPEMI PUSAT; 2019 — PENERIMA PENGHARGAAN GENDER CHAMPION PEMBAHARU PEMBERDAYAAN PEREMPUAN PROVINSI JAWA BARAT, GUBERNUR JAWA BARAT; 2020 — PENERIMA PENGHARGAAN SEBAGAI BUNDA FORUM ANAK DAERAH PROVINSI JAWA BARAT, KEMETERIAN PEMBERDAYAAN PEREMPUAN SAN PERLINDUNGAN ANAK RI; 2020 — PENERIMA PENGHARGAAN PEREMPUAN KEKUATAN INDONESIA DALAM MELAWAN CORONA, KNPI; 2021 — PENERIMA PENGHARGAAN LENCANA PANCAWARSA II, KWARTIR DAERAH GERAKAN PRAMUKA JAWA BARAT; 2021 — PENERIMA PENGHARGAAN MUSEUM REKOR-DUNIA INDONESIA ATAS REKOR FLM PENDEK TENTANG KEAMANAN OBAT DAN MAKANAN BAGI PRAMUKA, MURI; 2021 — PENERIMA PENGHARGAAN LENCANA DARMA BAKTI, KWARDA GERAKAN PREMUKA JAWA BARAT; 2021 — PENERIMA PENGHARGAAN NUGRA JASA DHARMA PUSTALOKA KATEGORI TOKOH MASYARAKAT, PERPUSTAKAAN NASIONAL RI; 2021 — PENERIMA PENGHARGAAN SEBAGAI TOKOH PEREMPUAN SUMBER INSPIRASI, FATAYAT NU JAWA BARAT; 2022 — KATEGORI TOKOH PENGGERAK INKLUSI KEUANGAN - LITERASI PEMBERDAYAAN PEREMPUAN, OJK; 2022 — KATEGORI , FIMELA AWARD; 2022 — KATEGORI LITERACY PROMOTOR, IKATAN PENERBIT INDONESIA (IKAPI); 2022 — APRESIASI BUNDA PAUD TK. NASIONAL PREDIKAT WIYATA DHARMA MADYA, DIREKTUR PAUD KEMENDIKBUD RISTEK; 2022 — PENERIMA TANDA PENGHARGAAN DHARMA KARYA KENCANA, BADAN KEPENDUDUKAN DAN KELUARGA BERENCANA NASIONAL; 2022 — PENERIMA PIAGAM TANDA PENGHARGAAN LENCANA KARYA BAKTI, KWARTIR NASIONAL GERAKAN PRAMUKA; 2022 — PENERIMA PENGHARGAAN BAKTI KOPERASI DAN USAKA KECIL DAN MENENGAH, KEMENTERIAN KOPERASI DAN UMKM; 2023 — TANDA PENGHARGAAN LENCANA MELATI, KWARTIR NASIONAL GERAKAN PRAMUKA; 2023; PENGGERAK SINERGI KEKAYAAN INTELEKTUAL DAN INDUSTRI KREATIF DAERAH DI PROVINSI JAWA BARAT TAHUN 2023, DIREKTORAT JENDERAL KEKAYAAN INTELEKTUAL KEMENKUMHAM; 2023 — KEBERHASIAN PROGRAM SEKOPER CINTA, GUBERNUR JAWA BARAT; 2023 — THE MOST INSPIRING MOTIVATOR WOMENPRENEUR, HIMPUNAN PENGUSAHA MUDA INDONESIA BANDUNG; 2023 — PENGHARGAAN KATEGORI FIGUR TELADAN, DETIK AWARDS; 2024; IWAPI KARTINI AWARDS 2024, IWAPI JAWAB"
nurul-arifin,Nurul Arifin,Anggota DPR RI 2024–2029,Partai Golongan Karya,JAWA BARAT I,63203,Komisi I,Bamus-Banggar,nurul.arifin@dpr.go.id,"Kota Bandung, 18 July 1966","1973 - 1979 — ST YUSUP BANDUNG; 1979 - 1982 — ST YUSUP BANDUNG; 1982 - 1985 — SMAN 16 BANDUNG ,; 2000 - 2004 — UNIV INDONESIA , ILMU SOSIAL& ILMU POLITIK; 2004 - 2007 — UNIV INDONESIA, ILMU SOSIAL& ILMU POLITIK",,,,,,"1984 - 2005 — ARTIS FILM LAYAR LEBAR , Sebagai:; 1997 - 2009 — AKTIVIS GENDER & PEREMPUAN, AIDS DAN NARKOBA , Sebagai:; 2007 - 2009 — UNIV NASIONAL JAKARTA , Sebagai: DOSEN; 2014 - 2017 — PIMPINAN DPR RI, Sebagai: STAF KHUSUS; Penghargaan; Tidak ada data"
anang-susanto-suhendar,Anang Susanto Suhendar,Anggota DPR RI 2024–2029,Partai Golongan Karya,JAWA BARAT II,107704,Komisi II,,anang.susanto@dpr.go.id,"Bandung, 31 March 1959","- 1986 — ITB, TEKNIK GEODESI; 1965 - 1971 — SDN 1 KAMASAN, -; 1971 - 1974 — SMPN 1 BANJARAN, -; 1974 - 1977 — SMAN IV BANDUNG, PASPAL; 2006 - 2008 — PASCA SARJANA UNNUR, ILMU ADINISTRASI",,,,,,"-; PT. ASTON POLARIS, Sebagai:; Penghargaan; Tidak ada data"
dadang-m-naser,Dadang M. Naser ,Anggota DPR RI 2024–2029,Partai Golongan Karya,JAWA BARAT II,"100690	",Komisi IV,,dadang.naser@dpr.go.id,"Bandung, 24 July 1961","1968 - 1974 — SDN Ciparay III; 1974 - 1977 — SMP Tunas Baru Ciparay; 1977 - 1981 — SMAN 11 Bandung; 1981 - 1983 — Universitas Islam Nusantara, Ilmu Hukum; 1998 - 2003 — Universitas Jendral Ahmad Yani, Ilmu Pemerintahan; 2012 - 2014 — Universitas Padjadjaran, Magister Ilmu Politik; 2018 - 2021 — Universitas Padjadjaran, Doktor Ilmu Pemerintahan",,,,,,"1988 - 1989 — PT. Maju Mustika, Sebagai: Asisten Manager; 1989 - 1995 — PT. Sumpu Bandung , Sebagai: Manager Umum; 1995 - 1997 — PT. Maju Mustika, Sebagai: Manager Umum; 1995 - 1999 — SMP-SMA Tunas Baru Ciparay, Sebagai: Guru Honorer; 1997 - 1999 — Anggota DPRD Kabupaten Bandung, Sebagai: Anggota; 2004 - 2009 — DPRD Provinsi Jawa Barat, Sebagai: Anggota; 2009 - 2014 — DPRD Provinsi Jawa Barat, Sebagai: Anggota; 2010 - 2015 — Pemerintah Kabupaten Bandung, Sebagai: Bupati; 2016 - 2021 — Pemerintah Kabupaten Bandung, Sebagai: Bupati; Penghargaan; Peringkat 1 Pembina LKS TRIPARTIT, Kepala Daerah/Bupati; Terbaik 1 Pemangku Ketahanan Pangan, Kepala Daerah/Bupati; Penghargaan atas komitmennya terhadap Gerakan Penyelamatan ibu dan bayi baru lahir, Kepala Daerah/Bupati; Penghargaan terbaik Pelayanan Terbaik Air Minu dan Sanitasi Nasional, Kepala Daerah/Bupati"
isfhan-taufik-munggaran,Isfhan Taufik Munggaran,Anggota DPR RI 2024–2029,Partai Golongan Karya,JAWA BARAT III,39464,Komisi XIII,,isfhan.munggaran@dpr.go.id,"Cianjur, 30 October 1994",2001 - 2007 — SDN Pacet 1; 2007 - 2010 — SMP Internat Al-Kausar; 2010 - 2013 — SMAN 1 Cianjur,,,,,,"2016 - — PT. Padi Merah Grup, Sebagai: Direktur; 2021 - — PT Anak Radja Baghdad, Sebagai: Komisaris; Penghargaan; Tidak ada data"
ilham-permana,Ilham Permana,Anggota DPR RI 2024–2029,Partai Golongan Karya,JAWA BARAT III,61731,Komisi VII,Banggar,ilham.permana@dpr.go.id,"BOGOR, 22 December 1978","1989 - 1991 — SEKOLAH DASAR NEGERI CILENDEK IV BOGOR; 1991 - 1994 — SEKOLAH MENENGAH PERTAMA NEGERI 7 BOGOR; 1994 - 1997 — SEKOLAH MENENGAH UMUM NEGERI 1 CIAWI BOGOR; 1997 - 2000 — POLITEKNIK SWADHARMA BNI 46, AKUTANSI (DIII); 2016 - 2017 — UNIVERSITAS WIRASTASWA INDONESIA, SARJANA STRATA 1 EKONOMI/MANAJEMEN (S1); 2023 - 2024 — UNIVERSITAS Budi Luhur Jakarta, Megister Management",,,,,,"2014 - 2017 — DPRD KABUPATEN BOGOR , Sebagai: ANGGOTA; 2017 - 2019 — DPRD KABUPATEN BOGOR , Sebagai: KETUA; 2020 - 2022 — PT. INDUSTRI SANDANG NUSANTARA , Sebagai: KOMISARIS; 2020 - 2022 — PT. PG RAJAWALI II (RNI GROUP), Sebagai: KOMISARIS; 2021 - 2022 — PT. SEKO FAJAR NUSANTARA , Sebagai: KOMISARIS; 2022 - SKRG — PT. TJAHJA SAKTI MOTOR , Sebagai: SENIOR ADVISOR; 2022 - 2023 — PT. MARGA LINTAS JABAR , Sebagai: KOMISARIS; Penghargaan; 2012 — PENDEKAR UTAMA PENCAK SILAT BOGOR , IPSI KOTA BOGOR; 2016 — PENGHARGAAN KESETIAAN ORGANISASI PUTRA PUTRI LEGIUN VETERAN REPUBLIK INDONESIA , PIMPINAN DAERAH PEMUDA PANCA MARGA PROVINSI JAWA BARAT; 2017 — PENDEKAR UTAMA PENAK SILAT JAWA BARAT, PENGURUS BESAR PADEPOKAN SANGSAKA BUANA INDONESIA; 2018 — DANGIANG BUANA TATAR SUNDA PAMENGKEUT, PENGURUS BESAR PADEPOKAN SANGSAKA BUANA INDONESIA; 2019 — SATYA ADITAMA KARYA UTAMA, DEWAN PIMPINAN PUSAT PARTAI GOLONGAN KARYA; 2023 — POLITISI MUDA TERPOPULER GOLKAR MEDIA AWARD, KETUA UMUM ANGKATAN MUDA PARAI GOLKAR"
dewi-asmara,Dewi Asmara,Anggota DPR RI 2024–2029,Partai Golongan Karya,JAWA BARAT IV,123216,Komisi XIII,Wakil Ketua Komisi ,dewi.asmara@dpr.go.id,"Jakarta, 29 June 1961","- 1972 — Manggis; - 1975 — ST. Theresia; - 1979 — Negeri IX; - 1987 — Univ. Indonesia; - 2009 — Universitas Padjajaran Bandung, Magister Hukum Fakultas Hukum Bisnis",,,,,,"1987 - 1997 — PT. Pembangunan Jaya Group (Holding Company), Sebagai: Vice Director; 1987 - 1997 — PT. Jaya Real Property , Tbk, Sebagai: Vice Director; 1987 - 1997 — PT. Jaya Land, Sebagai: Vice Director; 1997 - 2001 — PT. Bhakti Investama , Tbk , Sebagai: Vice Director , Corporate Secretary , Legal Counsel; 2001 - 2004 — Lou dan Mitra Law Firm , Sebagai: Senior Advising Partner; 2001 - 2004 — PT. Optima Investama , Sebagai: Pemegang Saham; 2001 - 2004 — PT. Swa Thya Ridzki , Sebagai: Presiden Komisaris; 2004 - 2009 — Fraksi Partai GOLKAR , Dapil Jawa Barat III, Sebagai: Anggota DPR RI; Penghargaan; 2007 — Anggota Kehormatan KTNA, KTNA"
ravindra-airlangga,Ravindra Airlangga ,Anggota DPR RI 2024–2029,Partai Golongan Karya,JAWA BARAT V,152168,Komisi IX,BKSAP,ravindra.airlangga@dpr.go.id,"Jakarta, 28 August 1991","- 2009 — SMA Binus International School Simprug, -; - 2013 — University of San Fransisco, -; - 2016 — John Hopkins University, -",,,,,,"- 2017 — PT. Jakarta Prima Cranes, Sebagai: Komisaris; - 2020 — PT.Inklusi Keuangan Digital, Sebagai: Komisaris; - 2020 — Ion Mobility Pte.Ltd, Sebagai: Advisor; -; Vynn Capital, Sebagai: venture Partner; Shopee, Sebagai: Business Development Ass; Nucleus Farma, Sebagai: Peneliti/Pengembangan Usaha; Pintek, Sebagai: Advisor; Gradana, Sebagai: Advisor; Ion Mobile Pte. Ltd, Sebagai: Advisor; Penghargaan; 2014 — Asia Pasific Change Maker Finalist usfca,; 2019 — Kader Bangsa Fellowship Program,"
ranny-fahd-a-rafiq,Ranny Fahd A Rafiq,Anggota DPR RI 2024–2029,Partai Golongan Karya,JAWA BARAT VI,177508,Komisi IX,Banggar,ranny.arafiq@dpr.go.id,"Semarang, 02 May 1990","1996 - 2002 — SD Sukorejo 02, Semarang; 2002 - 2005 — SMPN 13 Semarang; 2019 - 2020 — PKBM Tanda Genap",,,,,,"2017 - 2024 — PT Citra Arafiq Medika, Sebagai: Komisaris; 2022 - 2024 — PT Sinar Tiga Pilar, Sebagai: Komisaris Utama; Penghargaan; Tidak ada data"
puteri-anetta-komarudin,Puteri Anetta Komarudin,Anggota DPR RI 2024–2029,Partai Golongan Karya,JAWA BARAT VII,142046,Komisi XI,Bamus-Banggar,komarudin.puteri@dpr.go.id,"Bandung, 21 August 1993","- 2015 — HARVARD BUSINESS SCHOOL; - 2011 — TRINITY COLLEGE FOUNDATION STUDIES; 1999 - 2005 — AL AZHAR 01 JAKARTA; 2005 - 2008 — SMP N 19 MAYESTIK JAKARTA; 2009 - 2010 — CHAI CHEE SECONDARY SCHOOL, SINGAPURA; 2012 - 2015 — UNIVERSITY OF MELBOURNE AUSTRALIA",,,,,,"2015 - 2015 — Australia-Indonesia Centre, Australia, Sebagai: Media Relation Intern; 2015 - 2015 — Bank Mandiri, Jakarta, Sebagai: Micro Banking Intern; 2015 - 2015 — Bank mandiri & Mckinsey, Jakarta, Sebagai: International Baking Intern; 2016 - 2016 — Rekruitmen Staf Khusus Ketua DPR RI, Sebagai: Rekruitmen Manager; 2016 - 2018 — OJK, Sebagai: Pengawas Bank Junior; 2021 - 2025 — Perwakilan Regional untuk Grup Asia Pasifik Inter-Parliamentary Union (IPU) Biro Parlemen Perempuan, Sebagai:; Penghargaan; 2012 — Global B.Com University of Melbourne, University of Melbourne; 2021 — Hope of Democracy, TeropongSenayan.Com; 2021 — Top 6 lulusan Young Leaders of Indonesia Wave 7, McKinsey Indonesia; 2021; Delegate Y20 Italy 2021, Indonesia Youth Diplomacy"
daniel-mutaqien-syafiudin,Daniel Mutaqien Syafiudin,Anggota DPR RI 2024–2029,Partai Golongan Karya,JAWA BARAT VIII,89357,Komisi V,Baleg,daniel.syafiudin@dpr.go.id,"Indramayu, 30 September 1981","1987 - 1993 — SDN PAOMAN 3, -; 1993 - 1996 — SMPN 2 INDRAMAYU, -; 1996 - 1999 — SMA MUHAMADIYAH 2 YOGYAKARTA; 1999 - 2005 — UNIVERSITAS ISLAM INDONESIA YOGYAKARTA, TEKNIK SIPIL DAN PERENCANAAN/TEKNIK SIPIL",,,,,,"2007 - — PT. FAJAR PRIMASWARA, Sebagai: DIREKTUR UTAMA; 2009 - 2014 — DEWAN PERWAKILAN RAKYAT DAERAH (DPRD) JAWA BARAT, Sebagai: ANGGOTA; 2011 - — PT. FAJAR CAHAYA PANTURA, Sebagai: DIREKTUR UTAMA; 2014 - 2019 — DEWAN PERWAKILAN RAKYAT REPUBLIK INDONESIA (DPR RI), Sebagai: ANGGOTA; 2019 - 2020 — DEWAN PERWAKILAN RAKYAT REPUBLIK INDONESIA (DPR RI), Sebagai: ANGGOTA; Penghargaan; Tidak ada data"
dave-akbarshah-fikarno,Dave Akbarshah Fikarno,Anggota DPR RI 2024–2029,Partai Golongan Karya,JAWA BARAT VIII,80526,Komisi I,Wakil Ketua Komisi,dave.fikarno@dpr.go.id,"Jakarta, 19 August 1979","1985 - 1991 — 02 Pg. Menteng; 1991 - 1994 — 1 Cikini; 1994 - 1995 — 3 Setiabudi; 1995 - 1998 — Army Navy Academy; 1998 - 2000 — Santa Monica College, Liberal Arts; 2000 - 2002 — California State UNIVERSITY, Political Science; 2006 - 2009 — Universitas Indonesia, Kebijakan Public; 2021 - 2024 — Universitas Pertahanan, Ilmu Pertahanan",,,,,,"2000 - 2002 — Staf Pengawa di California State University, Sebagai: Staf; 2003 - 2004 — Perwakilan Tetap RI, Sebagai: Staf Umum; 2004 - 2014 — PT. Siwani Makmur.TBK, Sebagai: Komisaris Independen; 2004 - 2007 — Adam Sky Contion, Sebagai: Vice President Director; 2007 - 2011 — PT. Alabasta Sinergy, Sebagai: Direktur Utama; Penghargaan; Tidak ada data"
elita-budiati-s-k-m,Elita Budiati S.K.M,Anggota DPR RI 2024–2029,Partai Golongan Karya,JAWA BARAT IX,96498,Komisi I,Baleg,elita.budiati@dpr.go.id,"SUBANG, 28 December 1969","-; UNJANI, Ilmu Pemerintahan; 1976 - 1982 — SDN CILAMERI; 1982 - 1985 — SMP NEGERI 1 SUBANG; 1985 - 1988 — SPK DEPKES BANDUNG , KEBIDANAN; 1988 - 1990 — KEBIDANAN DEPKES, Kebidanan; 1990 - 2004 — URINDO IKM, Kesehatan Masyarakat",,,,,,"1989 - 2005 — DINAS KESEHATAN, Sebagai: BIDAN; 2005 - 2007 — KECAMATAN CIJAMBE, Sebagai: SEKMAT; 2007 - 2010 — KECAMATAN KALIJATI, Sebagai: CAMAT; 2010 - 2012 — BPMP, Sebagai: SEKRETARIS DINAS; 2012 - 2016 — BPMP, Sebagai: KEPALA DINAS; 2016 - 2016 — PEMDA KAB. SUBANG, Sebagai: STAF AHLI BUPATI; 2019 - 2024 — DPRD KAB.SUBANG, Sebagai: WAKIL KETUA; Penghargaan; 1992 — POKDES Terbaik, Bidan; 1994 — Bidan Teladan II Tk. Provinsi, Bidan; 1996 — Penghargaan Bupati Bidan Teladan Tk Kab, Subang , Bidan; 1996 — Penghargaan Gubernur Bidan Teladan Tk Nasional , Bidan; 2008 — Piagam Bupati Penghargaan Pembina Kelompok BKL Terbaik TK Kab. Subang , SEKMAT Kalijati; 2012 — Piagam Tanda Kehormatan Satyalancana Karya XX Tahun, Kepala BPMP KAB, SUBANG; 2013 — BPMP Terbaik Kab,Subang , Kepala; 2013 — BPMP Terbaik Kat Sedang ,; 2015 — Peserta Terbaik I Tk. Nasional Diklat PIM II LAN RI, Kepala; 2016 — Peserta Terbaik Diklat PIM Ke 3, Kepala; 2017 — Peserta Terbaik Diklat PIM Ke 4, Kepala"
galih-dimuntur-kartasasmita,Galih Dimuntur Kartasasmita,Anggota DPR RI 2024–2029,Partai Golongan Karya,JAWA BARAT IX,91816,Komisi XI,BKSAP,galih.kartasasmita@dpr.go.id,"Jakarta, 25 December 1982","- 2008 — Newbury College, Brookline, Massachusetts, USA, Bsc, Business Management; 1989 - 1994 — SD Islam Al Azhar Pusat; 1994 - 1997 — SMP Islam Al Azhar Pusat; 1997 - 2000 — Lawrence Academy, Groton, Massachusetts, USA",,,,,,"2007 - 2010 — PT. Bakrie and Brothers, Tbk, Sebagai: Investment/Portofolio Manager; 2010 - 2016 — PT. Genesis Sumber Abadi, Sebagai: Direktur Keuangan; 2010 - 2011 — Kangaroo Resources Limited, Sebagai: Direktur Keuangan; 2014 - 2016 — PT. Mahagatra Karagenan Indonesia, Sebagai: Direktur Utama; 2016 - — PT. Matahari Hijau Energy, Sebagai: Direktur Utama; 2018 - — PT. Indo Digital Remit (Zendit), Sebagai: Komisaris; 2018 - 2022 — PT. Ancora Indonesia Resouces Tbk, Sebagai: Komisaris; 2019 - — PT. Indotan Halmahera Bangkit, Sebagai: Komisaris; 2019 - 2023 — PT. Christian Eka Pratama, Sebagai: Komisaris; 2020 - — PT. Nusa Halmahera Minerals, Sebagai: Wakil Presiden Direktur; Penghargaan; Tidak ada data"
agun-gunandjar,Agun Gunandjar ,Anggota DPR RI 2024–2029,Partai Golongan Karya,JAWA BARAT X,216938,Komisi XIII,BAM,agun.sudarsa@dpr.go.id,"BANDUNG, 13 November 1958","1964 - 1970 — Negeri Rawa Kemiri; 1970 - 1973 — Negeri 66; 1973 - 1976 — STM 1 Budut; 1979 - 1982 — Akademi Ilmu Permasyarakatan (AKIP) Jakarta; 1989 - 1991 — STIA LAN, Jakarta, Administrasi; 2004 - 2006 — Panca Sarjana FISIP UI, Kriminologi; 2019 - 2023 — Program Doktor Terapan, Politeknik STIA LAN, Jakarta, Administrasi Pembangunan",,,,,,"1982 - 1996 — Pegawai Departemen Kehakiman, Sebagai: Staff; 1997 - 1999 — DPR RI, Sebagai: Anggota Komisi I; 1999 - 2004 — DPR RI , Sebagai: Anggota Komisi II; 2004 - 2009 — DPR RI , Sebagai: Anggota Komisi III; 2009 - 2014 — DPR RI, Sebagai: Anggota Komisi II; 2014 - 2019 — DPR RI, Sebagai: Anggota Komisi XI; 2019 - 2024 — DPR RI, Sebagai: Anggota Komisi XI; 2024 - 2029 — DPR RI , Sebagai: Anggota DPR/MPR RI; Penghargaan; 2012 — Penghargaan MPR RI Tim Kerja Sosialisasi , MPR RI; 2019 — Penghargaan DPP Partai Prestasi Pemilihan Umum , DPP Partai Golkar; 2019 — Inspiring Journey Teropong Parlemen Award, TeropongSenayan.com; 2020 — Positive News Maker Priangan Timur Anugerah TIMES Indonesia (ATI), TimesIndonesia.co.id; 2024 — Penghargaan Kategori Anugerah Lifetime Achievement, Radartasik.id"
ade-ginanjar,Ade Ginanjar,Anggota DPR RI 2024–2029,Partai Golongan Karya,JAWA BARAT XI,216938,Komisi V,Bamus,ade.ginanjar@dpr.go.id,"Jakarta, 21 December 1972",1979 - 1985 — SDN Grogol Selatan 03; 1986 - 1988 — SMPN 1 Ciledug; 1989 - 1992 — SMAN 1 Bekasi; 1996 - 2000 — STIA LAN Bandung-RI,,,,,,"1997 - 2000 — PT. Nurkarya Bakti Pertiwi, Sebagai: Komisaris; 2000 - 2009 — PDAM Tirta Intan Kabupaten Garut, Sebagai: Officer; 2009 - 2014 — DPRD Kabupaten Garut, Sebagai: Wakil Ketua; 2014 - 2019 — DPRD Kabupaten Garut, Sebagai: Ketua; 2021 - 2024 — DPRD Provinsi Jawa Barat, Sebagai: Wakil Ketua; Penghargaan; 2011 — Penghargaan Bidang Pemimpin Kebijakan Pendidikan dan Perlindungan Anak,"
ferdiansyah,Ferdiansyah,Anggota DPR RI 2024–2029,Partai Golongan Karya,JAWA BARAT XI,97464,Komisi X,Baleg,ferdiansyah@dpr.go.id,"JAKARTA, 24 August 1965","-; - 1977 — Negeri 02 Palmerah Pg; - 1981 — Negeri 111 Jakarta; - 1984 — Negeri 16; - 1989 — Univ. Krisnadwipayana, Ekonomi; - 1997 — Univ. Persada Indo. YAI, Magister Manajemen",,,,,,"1989 - 1992 — PT. Kresna Duta Satria Utama , Sebagai: Staff Personalia; 1992 - 1993 — PT. Indotropic Perdana , Sebagai: Staff Umum dan Personalia; 1993 - 1993 — PT. Decorindo Persada , Sebagai: Junior Manager Umum dan Personalia; 1994 - 1995 — PT. Bima Artika Citra , Sebagai: Staff Administrasi; 1995 - 1999 — PT. Bima Intankencana (Holding), Sebagai: Manager Personalia dan Umum; 1998 - 2000 — STMIK Muhammdiyah , Jakarta , Sebagai: Dosen; 1999 - 2004 — DPR RI , Sebagai: Anggota; 2004 - 2009 — DPR RI , Sebagai: Anggota; Penghargaan; Tidak ada data"
firnando-h-ganinduto,Firnando H Ganinduto,Anggota DPR RI 2024–2029,Partai Golongan Karya,JAWA TENGAH I,63881,Komisi VI,Baleg,firnando.ganinduto@dpr.go.id,"Jakarta, 16 April 1980","1985 - 1991 — SD Al Azhar Kemang; 1991 - 1994 — SMP Al Azhar Pejaten; 1994 - 1997 — Wesly College; 2002 - 2004 — Valley Force, Diploma; 2004 - 2006 — Berkelley College, Internasional Business",,,,,,"2006 - 2008 — DBS Bank, Sebagai: Relationship Manager; 2008 - 2012 — PT. Indika Energy Tbk., Sebagai: Business Development; 2012 - 2016 — PT. Sorikmas Mining, Sebagai: Senior Manager of Government Relations; 2016 - 2024 — PT. CFLD Indonesia, Sebagai: Vice President; Penghargaan; Military College Graduate,; Wide Indonesia Network,; 2007 — DBS Bank,; 2017 — CFLD Indonesia,"
andhika-satya-wasistho,Andhika Satya Wasistho,Anggota DPR RI 2024–2029,Partai Golongan Karya,JAWA TENGAH II,49333,Komisi VII,Baleg,andhika.wasistho@dpr.go.id,"Jakarta, 13 June 2000","2006 - 2012 — SD Avicenna Jagakarsa; 2012 - 2015 — SMP Islam Al Ikhlas Jakarta; 2015 - 2018 — SMA Al Azhar Kemang Syifa Budi, IPS; 2018 - 2023 — Universitas Diponegoro, Ekonomi dan Bisnis",,,,,,"2019 - — 9typical Coffee & Eatery, Sebagai: Owner; 2021 - — PT. Inersia Global Kreasindo, Sebagai: Direktur Utama; 2021 - — PT. Eisen Gelora Makmur, Sebagai: Komisaris; 2022 - — PT. Inersia Ampak Engineers, Sebagai: Komisaris; Penghargaan; Tidak ada data"
jamaludin-malik,Jamaludin Malik,Anggota DPR RI 2024–2029,Partai Golongan Karya,JAWA TENGAH II,118402,Komisi XIII,Baleg,jamaludin.malik@dpr.go.id,"Jepara, 01 May 1989","1995 - 2001 — MI Sabilul Ulum; 2001 - 2004 — MTs Sabilul Ulum; 2004 - 2007 — SMA Negeri 1 Pancangan; 2018 - 2024 — UNTAG Semarang, Hukum",,,,,,"2014 - 2016 — PT Prudential Life Assurance, Sebagai: Sales Agency; 2016 - 2023 — PT Prudential Life Assurance, Sebagai: Director Agency; 2023 - 2024 — PT Prudential Life Assurance, Sebagai: Finansial Planner; Penghargaan; Tidak ada data"
firman-soebagyo,Firman Soebagyo,Anggota DPR RI 2024–2029,Partai Golongan Karya,JAWA TENGAH III,96215,Komisi IV,Baleg,firman.subagyo@dpr.go.id,"Pati, 02 April 1953","1959 - 1965 — SR Negeri di batusari,kab.pati.jateng; 1965 - 1969 — SMP 1 Pati jateng; 1969 - 1972 — SMA Bopkri Kab. Pati, Sastra Sosial",,,,,,"-; , Sebagai:; 1983 - 1993 — PT. Manggala Group , Sebagai: Direktur; 1997 - 2019 — ANGGOTA MPR RI, Sebagai: ANGGOTA; 2009 - 2014 — ANGGOTA DPR RI, Sebagai: WAKIL KETUA KOMISI IV; 2014 - 2017 — Anggota DPR RI, Sebagai: Wakil Ketua baleg; 2018 - 2019 — Anggota DPR RI, Sebagai: ANGGOTA KOMISI II; Penghargaan; 2014; Coastal Award 2014, Kementerian Kelautan dan Perikanan; 2016 — Persatuan Wartawan Indonesia Jawa Tengah, Persatuan Wartawan Indonesia Jawa Tengah; 2017 — Persatuan Wartawan Indonesia Jawa Tengah, Persatuan Wartawan Indonesia Jawa Tengah; 2018 — Best Legislator Award, Persatuan Wartawan Indonesia Jawa Tengah; 2019 — Best Legislator Award, Persatuan Wartawan Indonesia Jawa Tengah"
juliyatmono,Juliyatmono,Anggota DPR RI 2024–2029,Partai Golongan Karya,JAWA TENGAH IV,97157,Komisi X,,juliyatmono@dpr.go.id,"Karanganyar, 29 July 1966",Tidak ada data,,,,,,Tidak ada data; Penghargaan
singgih-januratmoko,Singgih Januratmoko ,Anggota DPR RI 2024–2029,Partai Golongan Karya,JAWA TENGAH V,125067,Komisi VIII,Wakil Ketua Komisi ,singgih.januratmoko@dpr.go.id,"Sleman , 07 January 1976","1983 - 1989 — SDN Ungaran 3 Yogyakarta; 1989 - 1991 — SMP 5 Yogyakarta; 1991 - 1994 — SMA 4 Yogyakarta; 1994 - 1999 — UGM, Fak Kedokteran Hewan; 2013 - 2015 — Univ Pembangunan Nasional Veteran Yogyakarta, Magister Manajemen",,,,,,"2002 - — PT. Janu Putra, Sebagai: Pendiri dan Pemilik; 2014 - 2019 — DPR RI , Sebagai: Anggota Dewan; 2019 - 2024 — DPR RI, Sebagai: Anggota Dewan; Penghargaan; Tidak ada data"
panggah-susanto,Panggah Susanto,Anggota DPR RI 2024–2029,Partai Golongan Karya,JAWA TENGAH VI,91866,Komisi IV,Wakil Ketua Komisi,panggah.susanto@dpr.go.id,"Tamanggung, 19 October 1958","- 1970 — Negeri; - 1973; - 1976 — Negeri , IPA; - 1984 — ITB, Teknik Kimia; - 1997 — STIE IPWI, Manajemen",,,,,,"2010 - 2013 — Kementerian Perindustrian RI, Sebagai: Dirjen BIM; 2013 - 2018 — Kementerian Perindustrian RI, Sebagai: Dirjen Industri Agro; 2014 - 2015 — Kementerian Perindustrian RI, Sebagai: Plt. Dirjen IUBTT; Penghargaan; Tidak ada data"
bambang-soesatyo,Bambang Soesatyo,Anggota DPR RI 2024–2029,Partai Golongan Karya,JAWA TENGAH VII,80468,Komisi III,,bambang.soesatyo@dpr.go.id,"Jakarta, 10 September 1962","-; IM Newport Indonesia, Program MBA; 1978 - 1981 — SMA Negeri 14, Jakarta; 1985 - 1987 — Sekolah Tinggi Ekonomi Indonesia, Jakarta",,,,,,"1985 - — Harian Umum PRIORITAS, Sebagai: Wartawan; 1987 - — Majalah Vista , Sebagai: Sekretaris Redaktur; 1991 - — Majalah Info Bisnis, Sebagai: Pemimpin Redaksi; 1991 - 2013 — PT. Info Jaya Abadi, Sebagai: Direktur; 1999 - — PT. Suara Irama Indah, Sebagai: Komisaris; 2004 - — PT. Suara Rakyat Membangun (Suara Karya), Sebagai: Direktur; 2004 - — Harian Umum Suara Karya , Sebagai: Pemimpin Redaksi; 2006 - — PT. SIMA Tbk, Sebagai: Direktur; 2007 - — Kodeco Timber (HPH/HTI), Sebagai: Direktur; 2009 - 2014 — DPR RI, Komisi III dan Banggar, Sebagai: Anggota; Penghargaan; 1995 — Ardhi Karya Award ,; 1996 — Top Eksekutif Indonesia,; 2010 — PWI News Maker Award,; 2014 — The Best & The Next Legislator Award,"
teti-rohatiningsih,Teti Rohatiningsih,Anggota DPR RI 2024–2029,Partai Golongan Karya,JAWA TENGAH VIII,84800,Komisi IX,BURT,teti.rohatinigsih@dpr.go.id,"Cilacap, 15 August 1961",1968 - 1974 — SDN 6 CIMANGGU; 1974 - 1977 — SMP CIMANGGU; 1978 - 1981 — SMU MAJENANG; 2014 - 2017 — UNWIKU PURWOKERTO,,,,,,"2012 - 2019 — TATTO PAMUJI TOKO, Sebagai: STORE MANAGER; 2019 - 2024 — DPR RI, Sebagai: ANGGOTA DPR RI; Penghargaan; 2018 — BUNDA BACA, DINAS ARSIP DAN PERPUSDA; 2018 — TOKOH PKK TERBAIK JAWA TENGAH, IPWP AWARD"
agung-widyantoro,Agung Widyantoro,Anggota DPR RI 2024–2029,Partai Golongan Karya,JAWA TENGAH IX,93669,Komisi X,MKD,agung.widyantoro@dpr.go.id,"Brebes, 12 October 1963","1970 - 1976 — Negeri VI Brebes; 1976 - 1979 — Negeri 1 Brebes; 1979 - 1982 — Negeri 1 Brebes; 1982 - 1989 — UNSOED, Ilmu Hukum; 2003 - 2005 — UNSOED, Ilmu Administrasi Publik",,,,,,"1999 - 2004 — DPRD Kab.Brebes, Sebagai: Sekretaris Komisi A; 2003 - 2011 — PT. Sidorejo, Sebagai: Direktur Utama; 2004 - 2007 — DPRD Kab.Brebes, Sebagai: Anggota; 2007 - 2012 — Pemerintah Kab. Brebes, Sebagai: Wakil Bupati; 2010 - 2011 — PT.Setia Kawan Gas, Sebagai: Direktur Utama; 2011 - 2012 — Pemerintah Kab. Brebes, Sebagai: Bupati; Penghargaan; Tidak ada data"
ashraff-abu,Ashraff Abu,Anggota DPR RI 2024–2029,Partai Golongan Karya,JAWA TENGAH X,177436,Komisi X,,ashraff.abu@dpr.go.id,"VYLATHUR KERALA, 15 August 1968","1974 - 1980 — SEKOLAH KEBANGSAAN BATU 9; 1981 - 1984 — SEKOLAH BATU 9; 1984 - 1986 — SEKOLAH BATU 9, BAHASA INGGRIS – AHLI BAHASA",,,,,,Tidak ada data; Penghargaan
doni-akbar,Doni Akbar,Anggota DPR RI 2024–2029,Partai Golongan Karya,JAWA TENGAH X,154476,Komisi VI,Banggar,doni.akbar@dpr.go.id,"Palembang , 09 July 1982","1987 - 1993 — SDN 56 PALEMBANG; 1993 - 1996 — SMP N 1 PALEMBANG; 1996 - 1999 — SMU N 2 PALEMBANG; 1999 - 2996 — UNIVERSITAS TRISAKTI, EKONOMI AKUNTASI; 2019 - 2021 — UNIVERSITAS MUHAMMADIYAH PALEMBANG, MANAJEMEN",,,,,,"2012 - SKRG — PT RACHMAT KELANTAN SAKTI, Sebagai: KOMISARIS; 2012 - SKRG — PT.RIRE SANJAYA SAKTI, Sebagai: KOMISARIS; 2019 - 2024 — DPR RI, Sebagai: ANGGOTA; Penghargaan; Tidak ada data"
h-m-gandung-pardiman,H.M. Gandung Pardiman,Anggota DPR RI 2024–2029,Partai Golongan Karya,DAERAH ISTIMEWA YOGYAKARTA,94777,Komisi VII,,gandung.pardiman@dpr.go.id,"BANTUL , 25 February 1953","- 1986 — IP VETERAN YOGYAKARTA IK, PGSLP; - 2001 — STIE MITRA INDONESIA, MAGISTER MANAJEMEN; 1961 - 1967 — SDN KARANGTENGAH; 1967 - 1970 — SMP N 1 IMOGIRI; 1970 - 1973 — SMA N 1 BANTUL",,,,,,"-; SMP I Ponjong , Gunung Kidul , Sebagai: Guru; SMP 2 Ponjong , Gunung Kidul , Sebagai: Guru; SMP IKIP Veteran Karangmojo , Gunung Kidul , Sebagai: Guru; SMP Kartika V Ponjong Gunung Kidul , Sebagai: Kepala Sekolah; SMA Pembangunan III , Ponjong , Gunung Kidul , Sebagai: Wakil Kepala Sekolah; IKP Veteran Yogyakarta, Sebagai: Dosen; CV. Agro Hura Buntania , Sebagai: Direktur; DPRD Provinsi Yogyakarta, Sebagai: Anggota; 2004 - 2009 — DPR RI , Sebagai: ANGGOTA; 2009 - 2014 — DPR RI, Sebagai: Anggota; 2014 - 2019 — DPR RI, Sebagai: ANGGOTA; Penghargaan; Tidak ada data"
mukhamad-misbakhun,Mukhamad Misbakhun,Anggota DPR RI 2024–2029,Partai Golongan Karya,JAWA TIMUR II,98736,Komisi III,,misbakhun.a314@dpr.go.id,"Kota Pasuruan, 29 July 1970","1977 - 1983 — SDN 01 Bukit Pasuruan; 1983 - 1986 — SMPN 01 Pasuruan; 1986 - 1989 — SAM N 1 PASURUAN; 1999 - 2003 — UNIVERSITAS TRISAKTI, EKONOMI; 2008 - 2015 — UGM, HUKUM BISNIS",,,,,,"1990 - 2005 — Direktorat Jenderal Pajak, Sebagai: PNS; 2005 - 2009 — PT. Agar Sehat Makmur Lestari, Sebagai: Komisaris; 2014 - 2019 — DPR RI , Sebagai: ANGGOTA; Penghargaan; Tidak ada data"
zulfikar-arse-sadikin,Zulfikar Arse Sadikin,Anggota DPR RI 2024–2029,Partai Golongan Karya,JAWA TIMUR III,118331,Komisi XI,Ketua Komisi,zulfikar.arifin@dpr.go.id,"Yogyakarta, 28 October 1975","1982 - 1988 — SDN KARANGWARU I; 1988 - 1991 — SMPN I TULUNGAGUNG; 1991 - 1994 — SMAN KAUMAN T.AGUNG; 1994 - 2003 — UNIVERSITAS GADJAH MADA , ILMU PEMERINTAHAN; 2004 - 2008 — UNIVERSITAS INDONESIA, ILMU POLITIK",,,,,,"2007 - 2012 — INSTITUTE FOR DEMOCRACY AND WALFARISM (IDW), Sebagai: DIREKTUR INSTITUTE FOR DEMOCRACY AND WALFARISM; 2008 - 2009 — PARTAI GOLKAR, Sebagai: MANAGER CAMPAIGN CALEG DPR RI TERPILIH JATIM VI; 2008 - 2008 — KEMENDAGRI, Sebagai: STAF SEKRETARIAT PPK DITJEN OMD KEMENDAGRI; 2010 - 2014 — DPR RI, Sebagai: TENAGA AHLI FRAKSI PARTAI GOLKAR; 2014 - 2019 — DPR RI , Sebagai: TENAGA AHLI FRAKSI PARTAI GOLKAR; 2019 - 2024 — DPR RI , Sebagai: Anggota DPR RI Dapil Jatim III; Penghargaan; Tidak ada data"
muhamad-nur-purnamasidi,Muhamad Nur Purnamasidi ,Anggota DPR RI 2024–2029,Partai Golongan Karya,JAWA TIMUR IV,69864,Komisi II,Wakil Ketua Komisi,muhamad.purnamasidi@dpr.go.id,"BEKASI, 03 September 1971",1978 - 1984 — SD PONDOK UNGU; 1984 - 1987 — SMPN 3 BEKASI; 1987 - 1990 — SMA.N TAMBUN; 1990 - 1995 — UNIVERSITAS JEMBER,,,,,,"2000 - 2009 — STAFF AHLI DPRRI, Sebagai: STAFF AHLI; 2009 - 2013 — STAF KHUSUS BPK RI, Sebagai: STAF KHUSUS; 2014 - 2019 — ANGGOTA DPR RI, Sebagai: ANGGOTA; Penghargaan; Tidak ada data"
ahmad-irawan,Ahmad Irawan,Anggota DPR RI 2024–2029,Partai Golongan Karya,JAWA TIMUR V,60471,Komisi X,Banggar,ahmad.irawan@dpr.go.id,"Toli-Toli, 26 October 1989","1996 - 2002 — SDN Sabang, -; 2002 - 2005 — SMP Negeri 1 Toli Toli, -; 2005 - 2008 — SMA Negeri 1 Toli Toli, IPA; 2008 - 2012 — UMM Malang, Ilmu Hukum; 2020 - 2024 — Universitas Gadjah Mada, Magister Ilmu Hukum",,,,,,"- - -; Ahmad Irawan & Associates, Sebagai: Managing Partner; 2017 - - — PT. Sentosa Prima Coal, Sebagai: Direktur Utama; Penghargaan; Tidak ada data"
m-sarmuji,M. Sarmuji,Anggota DPR RI 2024–2029,Partai Golongan Karya,JAWA TIMUR VI,183045,Komisi II,Baleg,muhammad.sarmuji@dpr.go.id,"Surabaya , 10 June 1974","1980 - 1986 — SDN MODOKAN AYU 270; 1986 - 1989 — SMP N 17 SURABAYA; 1989 - 1992 — SMA N 16 SURABAYA; 1992 - 2000 — UNIVERSITAS JEMBER, EKONOMI/ MANAJEMEN; 2003 - 2005 — UNIVERSITAS JEMBER, FISIP/ ILMU ADMINISTRASI",,,,,,"2002 - 2010 — PT HIMAIS OPTIMA, Sebagai: KONSULTAN; 2007 - 2014 — TENAGA AHLI FRAKSI PARTAI GOLKAR, Sebagai: ANGGOTA; 2008 - 2014 — PT. MANGGALA KARYA CIPTA, Sebagai: KOMISARIS; 2011 - 2014 — PT. ECO SEJAHTERA, Sebagai: KOMISARIS; Penghargaan; Tidak ada data"
heru-tjahjono,Heru Tjahjono,Anggota DPR RI 2024–2029,Partai Golongan Karya,JAWA TIMUR VI,90569,Komisi VI,Bamus,heru.tjahjono@dpr.go.id,"Yogyakarta, 06 March 1961","1967 - 1973 — SEKOLAH DASAR (SD) SANG TIMUR JAWA TIMUR , ILMU PENGETAHUAN ALAM; 1973 - 1976 — SEKOLAH MENENGAH UMUM TINGKAT PERTAMA (SMP) NEGERI 1 PASURUAN , ILMU PENGETAHUAN ALAM; 1976 - 1979 — SEKOLAH MENENGAH UMUM TINGKAT ATAS (SMA) NEGERI 1 SURABAYA, ILMU PENGETAHUAN ALAM; 1984 - 1988 — UNIVERSITAS SEBELAS MARET, TEKNIK SIPIL; 1997 - 1999 — UNIVERSITAS MERDEKA MALANG, MAGISTER MANAJEMEN; 2012 - 2014 — UNIVERSITAS BRAWIJAYA, KAJIAN LINGKUNGAN DAN PEMBANGUNAN",,,,,,"1889 - 1991 — BAPPEDA KABUPATEN TULUNGAGUNG, Sebagai: STAF; 1991 - 2001 — BAPPEDA KABUPATEN TULUNGAGUNG, Sebagai: KASI TATA GUNA TANAH RUANG; 1996 - 1996 — DINAS PEKERJA UMUM KABUPATEN TULUNGAGUNG, Sebagai: PLH. KEPALA DINAS; 1997 - 1997 — BAPPEDA KABUPATEN TULUNGAGUNG , Sebagai: PJ. KEPALA BIDANG FISIK DAN PRASARANA; 1997 - 1997 — DPUD KABUPATEN TULUNGAGUNG, Sebagai: PJ. KEPALA; 2001 - 2001 — DINAS PEKERJAAN UMUM PPW KABUPATEN TULUNGAGUNG, Sebagai: PJ. KEPALA SUB DINAS BINA PROGRAM; 2001 - 2003 — DINAS PEKERJA UMUM PPW KABUPATEN TULUNGAGUNG, Sebagai: KEPALA DINAS; 2003 - 2008 — KABUPATEN TULUNGAGUNG, Sebagai: BUPATI TULUNGAGUNG; 2008 - 2013 — KABUPATEN TULUNGAGUNG, Sebagai: BUPATI TULUNGAGUNG; 2013 - 2013 — SEKERTARIS DAERAH KABUPATEN NGANJUK , Sebagai: STAF PROTOKOL; 2013 - 2013 — BIRO UMUM SEKERTARIS DAERAH KABUPATEN NGANJUK, Sebagai: PNS; 2013 - 2014 — BIRO UMUM SEKERTARIS DAERAH PROVINSI JAWA TIMUR, Sebagai: STAF; 2014 - 2018 — DINAS KELAUTAN DAN PERIKANAN PROVINSI JAWA TIMUR, Sebagai: KEPALA DINAS; 2018 - 2022 — SEKERTARIS DAERAH PROVINSI JAWA TIMUR, Sebagai: SEKERTARIS DAERAH; Penghargaan; 2018 — SATYALENCANA KARYA SATYA XX DARI PRESIDEN RI,; 2022 — SATYALENCANA KARYA SATYA XXX DARI PRESIDEN RI,; 2022 — TAN HANA DHARMA MANGRBA KAPOLDA JAWA TIMUR ,"
ali-mufthi,Ali Mufthi,Anggota DPR RI 2024–2029,Partai Golongan Karya,JAWA TIMUR VII,76877,Komisi IX,BKSAP,ali.mufthi@dpr.go.id,"LAMONGAN, 17 October 1970","1980 - 1985 — MIM I; 1985 - 1989 — MTS NU; 1987 - 1990 — ALIYAH TEBUIRENG; 1990 - 1994 — INSTITUT AGAMA ISLAM NEGERI, TARBIYAH; 2011 - 2013 — UNIVERSITAS KADIRI, SOSIOLOGI; 2013 - 2017 — UNIVERSITAS MERDEKA MALANG, SOSIAL",,,,,,"2014 - 2019 — Anggota DPR/MPR RI/ Partai Golkar/FPG, Sebagai: Anggota; Penghargaan; Tidak ada data"
m-yahya-zaini,M. Yahya Zaini,Anggota DPR RI 2024–2029,Partai Golongan Karya,JAWA TIMUR VIII,110875,Komisi V,Banggar,yahya.zaini@dpr.go.id,"Gresik, 24 April 1964","1970 - 1976 — SDN TELUKJATI BAWEAN, GRESIK; 1976 - 1980 — SMP UMAR MASLUD BAWEAN, GRESIK; 1980 - 1983 — SMA UMAR MASLUD BAWEAN, GRESIK; 1983 - 1990 — UNIVERSITAS AIRLANGGA, HUKUM",,,,,,"1990 - 1992 — STAF KHUSUS MENPORA RI, Sebagai:; 1990 - 1995 — STAF KHUSUS MENPERA RI, Sebagai:; 1995 - 1997 — DIRUT PT.INTELEGENSIA GRAHA PRATAMA, Sebagai:; 1996 - 2019 — KOMUT PT.SAVINDO KARYA PERDANA, Sebagai:; 1997 - 1999 — ANGGOTA DPR RI, Sebagai:; 1999 - 2004 — ANGGOTA DPR RI, Sebagai:; 2004 - 2009 — ANGGOTA DPR RI, Sebagai:; 2010 - 2019 — KOMUT PT.JAYA ABADI SUKSES, Sebagai:; 2016 - 2019 — STAF KHUSUS KETUA DPR RI, Sebagai:; Penghargaan; Tidak ada data"
haeny-relawati-rini-widyastuti,Haeny Relawati Rini Widyastuti,Anggota DPR RI 2024–2029,Partai Golongan Karya,JAWA TIMUR IX,173444,Komisi IX,Wakil Ketua Komisi,haeny.widyastuti@dpr.go.id,"Tuban, 20 June 1964","1969 - 1975 — SDN Kebon Sari 4 Tabun; 1976 - 1979 — SMP Negeri Tuban; 1979 - 1982 — SMA Negeri Tuban dan SMA Negeri 1 Klaten; 1983 - 1993 — Universitas Gadjah Mada Yogyakarta, Ilmu Komunikasi; 1994 - 1996 — Universitas Gadjah Mada Yogyakarta, Ilmu Politik",,,,,,"1987 - 1992 — DPRD Kabupaten Tuban , Sebagai: Anggota; 1990 - 2001 — PT. Ariesta Tuban, Sebagai: Direktur; 1992 - 1999 — DPRD Kabupaten Tuban , Sebagai: Wakil Ketua; 1999 - 2001 — DPRD Kabupaten Tuban , Sebagai: Ketua; 2001 - 2011 — Pemkab Tuban , Sebagai: Bupati; 2001 - SKRG — CV. Sembilan - Sembilan , Sebagai: Direktur; 2001 - SKRG — PT. Sembilan - Sembilan Tuban Perdana, Sebagai: Direktur; 2001 - SKRG — PT. Ariesta Tuban, Sebagai: Komisaris; Penghargaan; Tidak ada data"
eko-wahyudi,Eko Wahyudi,Anggota DPR RI 2024–2029,Partai Golongan Karya,JAWA TIMUR IX,119381,Komisi VIII,Banggar,eko.wahyudi1@dpr.go.id,"Tuban, 28 May 1982","1987 - 1993 — SDN Kepohagung 1; 1993 - 1996 — SPMN Plumpang; 1997 - 2000 — SMK TARUNA JAYA PRAWIRA, MEKANIK UMUM",,,,,,"2016 - 2018 — PT.BHAKRI TAMA PERSADA, Sebagai: DIREKTUR; Penghargaan; Tidak ada data"
ahmad-labib,Ahmad Labib ,Anggota DPR RI 2024–2029,Partai Golongan Karya,JAWA TIMUR X,"78174	",Komisi IV,BURT,ahmad.labib@dpr.go.id,"Lamongan, 11 February 1979","-; 1986 - 1992 — MI Muhammadiyah 10 Palirangan, Solokuro, Lamongan; 1992 - 1995 — MTs Muhammadiyah 12 Palirangan, Solokuro, Lamongan; 1995 - — SMK Islam Tikung, Lamongan; 2000 - 2004 — Universitas Muhammadiyah Surabaya , Hukum Islam; 2008 - 2010 — Universitas Muhammadiyah Surakarta, Magister Hukum; 2020 - — Universitas Brawijaya , Ilmu Sosiologi",,,,,,"2010 - 2018 — Universitas Muhammadiyah Surabaya , Sebagai: Dosen; 2011 - 2015 — Badan Penyelenggara Jaminan Kesehatan Daerah (BPJKD) Pemerintah Provinsi Jawa Timur, Sebagai: Wakil Direktur Bidang Pelayanan dan Kepesertaan; 2012 - 2014 — Lembaga Penelitian dan Pengabdian Masyarakat (LPPM) Universitas Muhammadiyah Surabaya , Sebagai: Sekretaris; 2014 - 2017 — Lembaga Penelitian dan Pengabdian Masyarakat (LPPM) Universitas Muhammadiyah Surabaya, Sebagai: Ketua; 2016 - 2019 — Komite Ekonomi dan Industri Nasional (KEIN) Republik Indonesia, Sebagai: Sennior Assistant Professional (SAP); 2016 - 2019 — Komite Ekonomi dan Industri Nasional (KEIN) Republik Indonesia, Sebagai: Sekretaris Kelompok Kerja Industri Perikanan dan Maritim; 2018 - — PT. Kelola Mina Bumi, Sebagai: Komisaris Utama; 2019 - — PT. Brilliant Mina Bumi, Sebagai: Direktur Utama; 2019 - — PT. Relasi Usaha Muda, Sebagai: Komisaris; Penghargaan; Tidak ada data"
eric-hermawan,Eric Hermawan,Anggota DPR RI 2024–2029,Partai Golongan Karya,JAWA TIMUR XI,155619,Komisi VI,Baleg,eric.hermawan@dpr.go.id,"Surabaya, 28 October 1970","- 1995 — Universitas Brawijaya, Fisika; - 2016 — Universitas Tama Jagakarsa, Magister Tehnik; - 2021 — Universitas Negeri Jakarta, Doktor Fakultas Manajemen",,,,,,Tidak ada data; Penghargaan
adde-rosi-khoerunnisa,Adde Rosi Khoerunnisa,Anggota DPR RI 2024–2029,Partai Golongan Karya,BANTEN I,61848,Komisi XI,,adde.khoerunnisa@dpr.go.id,"Sumedang, 30 October 1983","1989 - 1995 — SD HANG TUAH III JAKARTA , -; 1995 - 1998 — SLTPN 12 BANDUNG , -; 1998 - 2001 — SMUN 15 BANDUNG , IPS; 2001 - 2005 — SEKOLAH TINNGI ILMU BAHASA ASING,BANDUNG , BAHASA INGGRIS; 2005 - 2009 — UNIVERSITAS PELITA HARAPAN,TANGERANG , ILMU KOMUNIKASI; 2010 - 2012 — UNIVERSITAS ISLAM SYEKH YUSUF, MAGISTER ILMU ADM PUBLIK",,,,,,"2007 - SKRG — PT RATU BIDAKARA HOTEL , Sebagai: KOMISARIS; 2009 - 2014 — DPRD KOTA SERANG , Sebagai: WAKIL KETUA 1; 2014 - 2016 — DPRD PROV BANTEN , Sebagai: SEKRETARIS KOMISI 5; 2016 - 2019 — DPRD PROV BANTEN , Sebagai: WAKIL KETUA 1; 2019 - 2024 — DPR RI, Sebagai: ANGGOTA; Penghargaan; 2019; HIMPAUDI AWARD 2019, Kementerian Kelautan dan Perikanan Republik Indonesia"
tubagus-haerul-jaman,Tubagus Haerul Jaman,Anggota DPR RI 2024–2029,Partai Golongan Karya,BANTEN II,81362,Komisi X,BKSAP,tubagus.jaman@dpr.go.id,"Serang, 17 March 1968","1977 - 1982 — SDN CIATEL BANDUNG; 1982 - 1985 — SMPN 1 SERANG; 1985 - 1988 — SMAN 1 SERANG, IPS; 1990 - 1992 — APP AKADEMI PIMPINAN PERUSAHAAN, KEPEMIMPINAN; 1996 - 2011 — STIE BINA BANGSA, EKONOMI",,,,,,"1990 - 2008 — PT ARDADELI, Sebagai: DIREKTUR UTAMA; 2008 - 2011 — PEMERINTAH KOTA SERANG, Sebagai: WAKIL WALIKOTA SERANG; 2011 - 2018 — PEMERINTAH KOTA SERANG, Sebagai: WAKIL WALIKOTA SERANG; 2019 - 2024 — DPR RI, Sebagai: Anggota; Penghargaan; Tidak ada data"
mujakkir-zuhri,Mujakkir Zuhri,Anggota DPR RI 2024–2029,Partai Golongan Karya,BANTEN III,"41707	",Komisi VII,,mujakkir.zuhri@dpr.go.id,"TANGERANG, 20 March 1966",1973 - 1979 — SDN Pakuhaji 2; 1979 - 1982 — SMP Islam Al Husna; 1982 - 1985 — MAN Cipasung Tasikmalaya; 1986 - 1992 — IAIN/UIN Syarif Hidayatullah,,,,,,"1994 - 1998 — Pemda Kab. Tangerang, Sebagai: Tenaga Honorer; 1998 - 2014 — Wirausaha, Sebagai: Pengusaha Tambak; 2009 - 2014 — DPRD Kab. Tangerang, Sebagai: Anggota DPRD; 2014 - 2024 — DPRD Prov. Banten, Sebagai: Anggota DPRD; Penghargaan; Tidak ada data"
andi-achmad-dara,Andi Achmad Dara,Anggota DPR RI 2024–2029,Partai Golongan Karya,BANTEN III,102009,Komisi XI,BAKN,andi.dara@dpr.go.id,"BANDUNG, 26 September 1959","- 1984 — UNIVERSITAS SUMATERA UTARA, MANAJEMEN PERUSAHAAN; 1965 - 1971 — SD UMUM NASIONAL PARTIKELIR; 1971 - 1974 — SMP YAYASAN PENDIDIKAN HARAPAN; 1974 - 1977 — SMA NEGERI I MEDAN",,,,,,"1989 - 1998 — PT ANDIRADASANA INTERDWIPA, Sebagai: DIREKTUR UTAMA; 1992 - 2012 — PT BINAMITRA SARANA, Sebagai: KOMISARIS; 2009 - 2011 — PT. BERAU COAL ENERGY TBK, Sebagai: KOMISARIS; 2009 - 2011 — PT. BENAKAT PETROLEUM ENERGY TBK, Sebagai: KOMISARIS; 2012 - 2014 — PT. ASRI PRIMA BASKARA ( DAHULU PT ANDICITRA GRAHAWIRA ), Sebagai: KOMISARIS UTAMA; 2012 - 2014 — PT. ANUGERAH PETROLEUM, Sebagai: KOMISARIS; 2012 - 2014 — PT. ANUGERAH BUMI WADAH ABADI, Sebagai: DIREKTUR; 2012 - 2014 — PT. DAYA PRIMA ENERGY PERSADA, Sebagai: DIREKTUR; 2014 - 2019 — DPR /MPR RI, Sebagai: ANGGOTA; Penghargaan; Tidak ada data"
gde-sumarjaya-linggih,Gde Sumarjaya Linggih,Anggota DPR RI 2024–2029,Partai Golongan Karya,BALI,100747,Komisi VI,BAKN,gde.linggih@dpr.go.id,"Buleleng, 22 October 1965","- 1977 — SDN TAJUN; - 1980 — SMPN 15 BANDUNG; - 1983 — SMAN 13 BANDUNG; - 1991 — UNIV ISLAM NUSANTARA, EKONOMI; 2013 - 2015 — UNIV PADJAJARAN BANDUNG, ADMINISTRASI PUBLIK",,,,,,"1990 - 2004 — Hotel Ganeca Puri Megah, Sebagai: Direktur; 1994 - 1998 — Ganeca Puri Megah, Sebagai: Direktur; 1995 - 2004 — PT Ganeca Silatama, Sebagai: Direktur Utama; 1996 - 2004 — PT Prasida Lantur Maju, Sebagai: Direktur Utama; 1998 - 2011 — Pabrik Indico Wines, Sebagai: Owner UD.Banyu Sakti; 2000 - 2004 — PT Metafora, Sebagai: Direktur Utama; 2002 - 2004 — PT Metafora Utama, Sebagai: Komisaris Utama; 2002 - 2011 — PT Metafora Internasional, Sebagai: Komisaris; 2003 - 2004 — PT Margarana, Sebagai: Komisaris Utama; 2004 - 2011 — PT Metafora, Sebagai: Komisaris Utama; 2004 - 2011 — PT Prasida Lantur Maju, Sebagai: Komisaris Utama; 2004 - 2009 — Anggota DPR RI, Sebagai: Anggota; 2009 - 2014 — Anggota DPRRI, Sebagai: Anggota; 2014 - 2019 — Anggota DPR RI, Sebagai: Anggota; Penghargaan; 2001 — Pembicara acara kuliah umum, Fakultas Ekonomi Universitas Warmadema; 2002 — IJC Nasional Konvensi, Indonesian Junior Chmaber; 2002 — Pembicara Seminar Regional, Fakultas EKonomi UNiversitas Warmadema; 2003 — Narasumber dalam diskusi, Fakultas Ekonomi Universitas Pendidikan Nasional; 2003 — Narasumber dalam acara , Bali TV; 2003 — Pembina dalam perspektif Ekonomi Indonesia, BPP HIPMI; 2004 — Lencana, Fakultas Ekonomi Universitas Warmadewa"
sari-yuliati,Sari Yuliati,Anggota DPR RI 2024–2029,Partai Golongan Karya,NUSA TENGGARA BARAT II,119444,Komisi III,Bamus - Wakil Ketua Komisi,sari.yuliati@dpr.go.id,"Jakarta, 02 June 1976","-; 1982 - 1988 — sdn 3 pg duren sawit; 1988 - 1991 — smpn 27 duren sawit; 1991 - 1994 — sman 81 labschool, ipa; 1995 - 2000 — univ trisakti, teknik sipil; 2001 - 2003 — univ indonesia , teknik sipil",,,,,,Tidak ada data; Penghargaan
melchias-markus-mekeng,Melchias Markus Mekeng,Anggota DPR RI 2024–2029,Partai Golongan Karya,NUSA TENGGARA TIMUR I,67809,Komisi XI,BAKN,melchias.mekeng@dpr.go.id,"Jakarta, 08 December 1963","- 1976 — SD REGINA PACIS; - 1987 — DE LA SALLE UNIVERSITY, MANAJEMEN KEUANGAN; - 2015 — UNIVERSITAS PARAHIYANGAN, HUKUM BISNIS; 1976 - 1979 — SMP REGINA PACIS; 1979 - 1982 — SMA REGINA PACIS",,,,,,"1988 - — BANK DUTA, Sebagai: Foreign Exchange Trade; 1989 - — Bank DUTA, Sebagai: Broker Sertifikat Bank Indonesia; 1989 - — Bank DUTA, Sebagai: Customer Desk For Exchange Trader; 1990 - — PT.Dharmala Sakti Sejahtera , Sebagai: Asisten Chief Dealer; 1992 - 1993 — PT. Penta Martin Bierbaum, Sebagai: Manager; 1993 - 1994 — PT.Sentasena Arthasentosa, Sebagai: Kepala Fixed Income Division; 1995 - 2023 — PT. Mesana Investama Utama , Sebagai: Direktur Utama; 2005 - 2023 — PT. Mesana Investama Utama , Sebagai: Komensaris Utama; 2009 - 2023 — PT. Emco Adidaya International, Sebagai: Komensaris Utama; Penghargaan; 2013 — Best Mutual Fund,; 2014 — Best Mutual Fund,; 2019 — Teropong Parlemen Award ,; 2024 — Penghargaan Sebagai Anggota Delegasi DPR RI, Anggota Delegasi BKSAP DPR RI Fraksi Partai Golkar"
umbu-kabunang-rudi-yanto-hunga,Umbu Kabunang Rudi Yanto Hunga,Anggota DPR RI 2024–2029,Partai Golongan Karya,NUSA TENGGARA TIMUR II,10.009,Komisi XIII,Baleg,umbu.hunga@dpr.go.id,"waingapu-NTT, 01 June 1971","1976 - 1984 — SD INPRES WAINGAPU; 1985 - 1987 — SMPN 1 WAINGAPU; 1988 - 1991 — SMAN 1 WAINGAPU; 1992 - 1997 — UNIVERSITAS JANABADRA, S1 HUKUM; 2004 - 2006 — STIH IBLAM, ILMU HUKUM; 2020 - 2023 — UNIVERSITAS JAYABAYA, DOKTOR ILMU HUKUM",,,,,,"2000 - — PENGACARA , Sebagai:; 2013 - — RUDI KABUNANG & PARTNERS, Sebagai: PIMPINAN; Penghargaan; 2003 — PENDIDIKAN DAN PELATIHAN KADER OEMUDA PARTAI GOLKAR, PESERTA; 2014 — BIMBINGAN TEKNIS PENYELESAIAN PERKARA HASIL PEMILU LEGISLATIF PARTAI GOLKAR, PESERTA"
gavriel-p-novanto,Gavriel P. Novanto,Anggota DPR RI 2024–2029,Partai Golongan Karya,NUSA TENGGARA TIMUR II,58176,Komisi I,Baleg,gavriel.novanto@dpr.go.id,"Jakarta, 08 October 1997","2014 - 2018 — Marymount California University, USA, Business Administration; 2018 - 2019 — Paperdine University, USA, Master of Science",,,,,,"2020 - — PT. Global Nusantara Putranto, Sebagai: Komisaris; 2020 - — PT. Mutiara Energi Indonesia, Sebagai: Komisaris; 2021 - — PT. Komoditas Semesta Indonesia, Sebagai: Komisaris; 2021 - — PT. BAC Kreatif Entertainmen, Sebagai: Komisaris; 2021 - — PT. Mineral Aditya Semesta, Sebagai: Komisaris; 2023 - — PT. Kupang Bio Energi, Sebagai: Komisaris; Penghargaan; Tidak ada data"
franciscus-maria-agustinus-sibarani,Franciscus Maria Agustinus Sibarani,Anggota DPR RI 2024–2029,Partai Golongan Karya,KALIMANTAN BARAT I,35550,Komisi XIII,,franciscus.sibarani@dpr.go.id,"Bandung, 28 August 1965","1984 - 1988 — Institut Pertanian Bogor, Teknologi Pertanian",,,,,,Tidak ada data; Penghargaan
adrianus-asia-sidot,Adrianus Asia Sidot,Anggota DPR RI 2024–2029,Partai Golongan Karya,KALIMANTAN BARAT II,40806,Komisi IV,,adrianus.sidot@dpr.go.id,"Saham, 02 February 1961","1966 - 1971 — BERSUBSIDI SAHAM; 1972 - 1974 — BERBANTUAN PAHAUMAN; 1974 - 1979 — SEMINARI MENENGAH SANTO PAULUS NYARUMKOP, IPS; 1979 - 1983 — AKADEMI PEMERINTAHAN DALAM NEGERI PONTIANAK , PEMERINTAHAN DAERAH; 1986 - 1988 — INSTITUT ILMU PEMERINTAHAN JAKARTA , POLITIK; 1994 - 1998 — PASCA SARJANA UNIVERSITAS KRISTEN SATYA WACANA SALATIGA , STUDI PEMBANGUNAN; 2004 - 2008 — PROGRAM DOKTOR ILMU-ILMU SOSIAL UNIVERSITAS PADJADJARAN BANDUNG , ADMINISTRASI NEGARA",,,,,,"Tidak ada data; Penghargaan; 2009 — Satya Lencana Wira Karya, Bupati Landak; 2010 — Satya Lencana Karya Pembangunan, Bupati Landak; 2010 — BPN sebagai lembaga yang berjasa di Bidang Pertanahan, Bupati Landak; 2012 — Satya Lencana Karya Satya 20 Tahun, PNS; 2016 — Satya Lencana Karya Satya 30 Tahun, PNS"
mukhtarudin,Mukhtarudin,Anggota DPR RI 2024–2029,Partai Golongan Karya,KALIMANTAN TENGAH,92192,Komisi XII,Banggar-Bamus,mukhtarudin@dpr.go.id,"Pangkalan Bun, 06 September 1964","1971 - 1977 — SDN 02 PANGKALAN BUN; 1978 - 1981 — SMPN 1 PANGKALAN BUN; 1981 - 1984 — SMAN 1 PANGKALAN BUN; 1984 - 1988 — UNIV. LAMBUNG MANGKURAT, ILMU ADM NEGARA",,,,,,"-; PENGUSAHA SWASTA, Sebagai:; UNIVERSITAS ANTAKUSUMA PANGKALAN BUN, Sebagai: STAF PENGAJAR STIE NUSANTARA; 1990 - 2002 — PENANAMAN MODAL DAERAH KAB KOTA WARINGIN BARAT, Sebagai: KABID PROMOSI (PNS); 2004 - 2009 — LEMBAGA TINGGI NEGARA, Sebagai: ANGGOTA DPR RI; 2019 - 2024 — LEMBAGA TINGGI NEGARA, Sebagai: ANGGOTA DPR RI; Penghargaan; 2020; Inspiring Journey Teropong Parlemen Award 2020,; 2021; Penganugrahan Award DPP KNPI 2021,; 2023; GOLKAR Media Award 2023,; Penganugrahan Calon Legislatif Petahana Populer 2024-2029,"
bambang-heri-purnama,Bambang Heri Purnama,Anggota DPR RI 2024–2029,Partai Golongan Karya,KALIMANTAN SELATAN I,161985,Komisi I,,bambang.purnama@dpr.go.id,"Mataram , 25 April 1967","- 2009 — Univ Lambung Mangkurat, Hukum; - 1982 — Negeri Mataram; - 1984 — Negeri Mataram; - 1987 — Tasikmalaya; - 1992 — UNTAG, Ekonomi; - 2009 — UNLAM Banjarmasin",,,,,,"-; PT. Batu Hitam Mulia , Sebagai: Komisaris; Penghargaan; Tidak ada data"
sandi-fitrian-noor,Sandi Fitrian Noor,Anggota DPR RI 2024–2029,Partai Golongan Karya,KALIMANTAN SELATAN I,106724,Komisi VIII,,sandi.noor@dpr.go.id,"Banjarmasin, 13 March 1994","2000 - 2006 — SD MUHAMMADIYAH 10 BANJARMASIN, -; 2006 - 2009 — SMPN 14 BANJARMASIN, -; 2009 - 2012 — SMKN 5 BANJARMASIN, OTOMOTIF; 2013 - 2017 — UNISKA BANJARMASIN, TEKNIK MESIN; 2018 - 2021 — UNISKA BANJARMASIN, MANAJEMEN",,,,,,"2017 - 2023 — SAMSAT BANJARMASIN, Sebagai: STAF; Penghargaan; Tidak ada data"
rikwanto,Rikwanto,Anggota DPR RI 2024–2029,Partai Golongan Karya,KALIMANTAN SELATAN II,"49936	",Komisi III,BAM,rikwanto@dpr.go.id,"MEDAN, 01 January 1965","1970 - 1976 — SDN KAMPUNG DUKUH PAGI III, -; 1976 - 1980 — SMPN 102 JAKARTA, -; 1980 - 1983 — SMAN 11 MEDAN, -; 1997 - 1999 — PERGURUAN TINGGI ILMU KEPOLISIAN JAKARTA , SARJANA ILMU KEPOLISIAN; 2007 - 2009 — UNIVERSITAS GADJAH MADA, MAGISTER HUMANIORA; 2020 - 2023 — UNIVERSITAS DIPONEGORO, DOKTOR HUKUM",,,,,,"1988 - 1989 — POLRI, Sebagai: PAMA POLRES METRO JAKBAR POLDA METRO JAYA; 1989 - 1990 — POLRI, Sebagai: KANIT RES INTEL POLSEK PALMERA POLSER METRO JAKBAR POLDA METRO JAYA; 1990 - 1993 — POLRI, Sebagai: KAUR BIBOPS SAT SERSE POLRES METRO JAKBAR POLDA METRO JAYA; 1993 - 1994 — POLRI, Sebagai: KANIT INTELKAM POLSEK TAMBORA POLRES METRO JAKBAR POLDA METRO JAYA; 1994 - 1997 — POLRI, Sebagai: WAKAPOLSEK METRO TAMAN SARI POLRES METRO JAKBAR POLDA METRO JAYA; 1997 - 1999 — POLRI, Sebagai: PAMA PTIK; 1999 - 2000 — POLRI, Sebagai: KASSUBAG OPS SETDIT SAMAPTA/SABHARA; 2000 - 2000 — POLRI, Sebagai: WAKAPOLRES BANTUL POLDA DIY; 2000 - 2002 — POLRI, Sebagai: KASSUBAG ANEV BAG SERSE TIPIDKOR; 2002 - 2003 — POLRI, Sebagai: KABAG ANALISIS DIT INTELKAM POLDA DIY; 2003 - 2005 — POLRI, Sebagai: PAMEN POLDA DIY; 2005 - 2005 — POLRI, Sebagai: KABAGREN PROGAR RORENA POLDA SULTRA; 2005 - 2007 — POLRI, Sebagai: KAPOLRES KARANGANYAR POLDA JATENG; 2007 - 2008 — POLRI, Sebagai: KAPOLRES KLATEN POLDA JATENG; 2008 - 2010 — POLRI, Sebagai: WAKAPOLWIL BANYUMAS; 2010 - 2011 — POLRI, Sebagai: WIDYAISWARA MUDA; 2011 - 2014 — POLRI, Sebagai: KABID HUMAS POLDA METRO JAYA; 2014 - 2015 — POLRI, Sebagai: KABAG PENUM ROPENMAS DIVHUMAS POLRI; 2015 - 2016 — POLRI, Sebagai: ANALIS KEBIJAKAN MADYA BIDANG PID DIVHUMAS POLRI; 2016 - 2017 — POLRI, Sebagai: KAROPENMAS DIVHUMAS POLRI; 2017 - 2018 — POLRI, Sebagai: KAROMULMED DIVHUMAS POLRI; 2018 - 2020 — POLRI, Sebagai: KAPOLDA MALUT; 2020 - 2022 — POLRI, Sebagai: KAPOLDA KALSEL; Penghargaan; 1996 — SATYALANCANA DWIDYA SISTHA, WAKAPOLSEK METRO TAMAN SARI POLRES METRO JAKBAR POLDA METRO JAYA; 1997 — SATYALANCANA PENGABDIAN 8 TAHUN, WAKAPOLSEK METRO TAMAN SARI POLRES METRO JAKBAR POLDA METRO JAYA; 2004 — SATYALANCANA PENGABDIAN 16 TAHUN, PAMEN POLDA DIY; 2013 — SATYALANCANA PENGABDIAN 24 TAHUN, KABID HUMAS POLDA METRO JAYA; 2019 — SATYALANCANA NARAYA, KAPOLDA MALUT; 2021 — SATYALANCANA PENGABDIAN 32 TAHUN, KAPOLDA KALSEL"
sarifah-suraidah,Sarifah Suraidah,Anggota DPR RI 2024–2029,Partai Golongan Karya,KALIMANTAN TIMUR,71496,Komisi VI,Banggar,sarifah.suraidah@dpr.go.id,"BALIKPAPAN, 02 January 1982","1988 - 1994 — SDN 1 Penajam Kab. Pasir, Kalimantan Timur; 1994 - 1997 — SLTPN 1 Penajam, Kab. Pasir, Kalimantan Timur; 1997 - 2000 — SMK Sekolah Perawat Kesehatan departement Kesehatan Balikpapan, Kalimantan Timur, Ilmu Pengetahuan Alam",,,,,,"2014 - 2023 — PT. Barokah Agro Perkasa, Sebagai: Direktur; Penghargaan; Tidak ada data"
hetifah-sjaifudian,Hetifah Sjaifudian,Anggota DPR RI 2024–2029,Partai Golongan Karya,KALIMANTAN TIMUR,146062,Komisi X,Ketua Komisi ,hetifah@dpr.go.id,"Bandung, 30 October 1964","1082 - 1988 — Institut Teknologi Bandung, Teknik Planologi; 1993 - 1995 — National University of Singapore, Master in Public Policy; 2002 - 2006 — University, Adelaide Australia, School of Politig and International Studies,Flimders",,,,,,"1977 - 1978 — Graduate School Of State Administration, Sebagai: Dosen Luar Biasa; 1988 - 1991 — ITB, Sebagai: Peneliti; 1991 - 2009 — AKATIGA Center For Social Analysis , Sebagai: Pendiri & Penelitiaris; 1995 - 2000 — Development studies Program, Sebagai: Dosen Luar Biasa; 1997 - 1999 — ITB, Sebagai: Peneliti; 2005 - 2009 — B-Trust Advisory Group Bandung, Sebagai: Eksekutif Direktur; 2009 - 2014 — DPR RI, Sebagai: Anggota DPRRI; 2014 - 2015 — B-Trust Advisory Group Bandung, Sebagai: Eksekutif Direktur; Penghargaan; Tidak ada data"
christiany-eugenia-paruntu,Christiany Eugenia Paruntu ,Anggota DPR RI 2024–2029,Partai Golongan Karya,SULAWESI UTARA,88520,Komisi VI,Banggar,christiany.paruntu@dpr.go.id,"Manado, 25 September 1967","- 2012 — SEKOLAH TINGGI ILMU EKONOMI (STIE) GANESHA JAKARTA; - 2018 — SEKOLAH TINGGI THEOLOGI; 1974 - 1980 — SD BUDI MULIA BOGOR-JAWA BARAT; 1980 - 1982 — SMP BUDI MULIA BOGOR- JAWAB BARAT.; 1982 - 1984 — HARRY CARLTON COMPREHENSIVE SCHOOL, SUTTON, BONINGTON, NOTINGHAM, UK.",,,,,,"1992 - 2010 — PT. PARTIM INDOMAKMUR, IDONESIA, Sebagai: DIREKTUR; 1999 - 2006 — PT. CHANDRA EKAKARYA PRATAMA, INDONESIA, Sebagai: KOMISARIS UTAMA; 2004 - 2009 — PT. TRUTAMA STAR, INDONESIA, Sebagai: KOMISARIS; 2006 - 2010 — PT. CHANDRA EKAKARYA PRATAMA, INDONESIA, Sebagai: PRESIDEN DIREKTUR; 2006 - 2010 — PT. PUSPITA ADHINIAGA INDONESIA, Sebagai: PRESIDEN DIREKTUR; 2010 - 2015 — PEMERINTAH KABUPATEN MINAHASA SELATAN, Sebagai: BUPATI; 2016 - 2021 — PEMERINTAH KABUPATEN MINAHASA SELATAN, Sebagai: BUPATI; Penghargaan; 2011 — PENINGKATAN PRODUKSI BERAS NASIONAL (P2BN), PRESIDEN RI; 2012 — ADHI BHAKTI MINA BAHARI, WAKIL PRESIDEN RI; 2012 — PRESTASI CITRA KARTINI ANAK BANGSA, YAYASAN CITRA KARTINI ANAK BANGSA; 2012; PENGHARGAAN ROGRAM PKH AWARD TAHUN 2011, KATEGORI KETEPATAN DAN ECEPATAN FINAL CLOSING DATA UNTUK PEMBAYARAN TERBAIK WILAYAH TIMUR TAHUN 2012, PRESIDEN RI; WOMEN OF THE YEAR 2011 VERSI MAJALAH MASKETEERS, MAJALAH MASKETEERS; ADITYA KARYA MAHATVA YODHA TAHUN 2012, KARANG TARUNA NASIONAL; 2013; ANUGERAH PEREMPUAN INDONEIA TAHUN 2013, KEMENTERIAN PEMBERDAYAAN PEREMPUAN DAN PERLINDUNGAN ANAK RI; 2013 — MANGGALA KARYA KENCANA, BKKBN RI; SATYALANCANA KEBHAKTIAN SOSIAL (SLKS) TAHUN 2013, PRESIDEN RI; 2014 — SATYALANCANA WIRAKARYA, PRESIDEN RI; 2014 — BINTANG KEHORMATAN LEGIUN VETERAN REPUBLIK INDONESIA, LVRI; 2014 — GOOD GOVERNANCE AWARD, CITRA PRESTASI ANAK BANGSA; 2014 — WAHANA TATA NUGRAHA, PRESIDEN RI; 2015 — BINTANG JASA UTAMA, PRESIDEN RI; 2015; KABUPATEN PEDULI HAK ASASI MANUSIA PADA TAHUN 2014, KEMENKUMHAM RI; 2015 — SATYALENCANA PEMBANGUNAN BIDANG PEMBANGUNAN KELUARGA BERENCANA DAN KEPENDUDUKAN , PRESIDEN RI; 2016; INDONESIAN TOP LEADER AWARD (KARTINI AWARD) - TOKOH INDONESIA 2016, YAYASAN PENGHARGAAN INDONESIA; ANUGERAH PANGRIPTA NUSANTARA (APN) SULAWESI UTARA 2016, PEMERINTAH RI; KEPALA DAERAH INOVATIF 2016, KORAN SINDO; 2016 — TERBAIK II JKN AWARD PROVINSI SULAWESI UTARA, KEMENTERIAN KESEHATAN RI; KABUPATEN PEDULI HAK ASASI MANUSIA PADA TAHUN 2015, KEMENKUMHAM; 2017; ANUGERAH PANGRIPTA NUSANTARA (APN) KABUPATEN SULAWESI UTARA 2017, PEMPROV. SULAWESI UTARA; 2017 — KARTINI MASA KINI AWARD, INDONEWS.ID; 2017 INDONESIAN WOMEN INSPIRING AWARD, YAYASAN PENGHARGAAN INDONESIA; 2017 — PENGHARGAAN , KOMPAS GRAMEDIA; 2017 — PENGHARGAAN DUKUNGAN LPG NON SUBSIDI DAN MENDORONG PENYAURAN LPG 3 KG BERSUBSIDI TEPAT SASARAN, PT. PERTAMINA; 2017 — TERBAIK III KRITERIA JUMLAH PESERTA YANG DIINTEGRASIKAN, PEMBAYARAN IURAN TEPAT WAKTU DAN KEAKURATAN DATA MASTERFILE,; 2017 — PENGHARGAAN ATAS PENJAMINAN RAKYAT SEHAT DAN SEJAHTERA MELALUI INTEGRASI JAMKESDA DALAM PROGRAM JKN-KIS,; 2018 — GELAR DOKTOR KEHORMATAN DI BIDANG MINISTRY (D.MIN) DARI SEKOLAH TINGGI THEOLOGI , SEKOLAH TINGGI THEOLOGI; 2018; PENGHARGAAN DARI DPR RI DALAM RANGKA PERINGATAN HARI PEREMPUAN SEDUNIA TAHUN 2018 ATAS KEBERHASILAN MINAHASA SELATAN DALAM MENUNJANG PENCAPAIAN TUJUAN PEMBANGUNAN BERKELANJUTAN (SDGs), DPR RI; 2018 — PENGHARGAN , KEMENTERIAN KOPERASI DAN UMKM RI; 2018 — PENGHARGAAN , PEMPROV SULAWESI UTARA; 2018 — PENGHARGAAN , PRESIDEN RI; PENGHARGAAN ICSB INDONESIA CITY AWARD 2018 KATEGORI , KEMENTERIAN KOPERASI DAN UMKM RI; 2018 — PENGHARGAAN ATAS KEBERHASILAN PEMERINTAH DAERAH MEMPEROLEH OPINI , BPK RI; 2019; PENGHARGAAN ATAS DUKUNGAN PENYELENGGARAAN TUGAS DAN FUNGSI PEMASYARAKATAN PADA PERINGATAN BAKTI PEMASYARAKATAN KE-55 TAHUN 2019, Kementerian Hukum dan HAM RI; PENGHARGAAN KABUPATEN SEHAT SWASTI SABA PADAPA TAHUN 2019, KEMENTERIAN DALAM NEGERI RI"
muhidin-mohamad-said,Muhidin Mohamad Said,Anggota DPR RI 2024–2029,Partai Golongan Karya,SULAWESI TENGAH,154301,Komisi XI,Banggar,muhidin.mohamad@dpr.go.id,"Soppeng, 07 October 1950","1958 - 1964 — SEKOLAH RAKYAT; 1964 - 1967 — SMP NEGERI 2 PALU; 1967 - 1970 — SMA NEGERI I PALU; 1971 - 1975 — UNIV. TADULAKO, EKONOMI; 1997 - 1998 — JAKARTA INSTITUTE OF MANAGEMENT, BUSINESS ADM",,,,,,"-; PT.Bhakti Baru Rediapratama, Sebagai: Komisaris Utama; PT.Sarana Perumahan, Sebagai: Komisaris Utama; PT.Bhakti Kencana Mandiri, Sebagai: Komisaris Utama; PT.Sarana Ventura Sulawesi Tengah, Sebagai: Komisaris Utama; 1992 - 1999 — MPR RI Utusan Daerah Sulawesi Tengah, Sebagai: Anggota; 1998 - 1999 — MPR RI Utusan Daerah Sulawesi Tengah, Sebagai: Anggota; 1999 - 2004 — MPR RI Utusan Daerah Sulawesi Tengah FPG, Sebagai: Anggota; 2004 - 2009 — DPR RI, Sebagai: Anggota; 2009 - 2014 — DPR RI, Sebagai: Wakil Ketua Komisi V; 2014 - 2019 — DPR RI, Sebagai: Wakil Ketua Komisi V; Penghargaan; Tidak ada data"
beniyanto,Beniyanto,Anggota DPR RI 2024–2029,Partai Golongan Karya,SULAWESI TENGAH,90078,Komisi XII,,beniyanto@dpr.go.id,"Moilong, 04 March 1972","1979 - 1985 — SD INPRES MOILONG; 1985 - 1988 — SMPN 3 TOILI; 1988 - 1991 — AMAN TOILI; 1991 - 1998 — UNIVERSITAS USLIM INDONESIA, TEKNIK INDUSTRI",,,,,,"2001 - 2002 — LEMBAGA SDM LIPUT KAB. BANGGAI, Sebagai: KETUA; 2002 - 2004 — PT. CITRA MEDEO, Sebagai: LOGISTIC RECORDING; 2005 - 2006 — PT. ELNUSA PROYEK SEISMIC 2D PANDAUKE, Sebagai: KOORDINATOR; 2006 - 2007 — PT. ELNUSA PROYEK SEISMIC 2D JAMBI UTARA, Sebagai: KOORDINATOR; 2007 - 2008 — PT. ELNUSA PROYEK SEISMIC 3D LIRIK SAGU, Sebagai: KOORDINATOR; 2008 - — PT. ELNUSA SPECIAL SERVIS, Sebagai: KEPALA PERWAKILAN; 2009 - 2010 — PT. ELNUSA PROYEK SEISMIC 3D RENGASDENGKLOK KARAWANG , Sebagai: KEPALA PERWAKILAN; 2010 - — PT. GELOMBANG SEISMIC INDONESIA, Sebagai: KEPALA PERWAKILAN; 2011 - — PT. RADIANT BUKIT BARISAN, Sebagai: KEPALA PERWAKILAN; 2012 - 2013 — PT. ELNUSA PROYEK SEISMIC 3D BLOCK AKASIA BAGUS, SUBANG, Sebagai: KEPALA PERWAKILAN; 2013 - 2015 — PT. PETRO JASA ENERGI, Sebagai: MANAGER OPERASI; 2014 - — PT. AMIRUL INSANI, Sebagai: KOMISARIS; 2014 - — PT. AMICO PUTERA PERKASA, Sebagai: DIREKTUR UTAMA; 2015 - — PT. PETRO JASA ENERGI, Sebagai: VICE PRESIDENT DIRECTOR; 2019 - — PT. MUHAYAT INSANI MEDIKA, Sebagai: KOMISARIS; 2020 - — PT. KING AMEER ENTERTAIMENT, Sebagai: KOMISARIS; Penghargaan; Tidak ada data"
hamka-b-kady-m-s,Hamka B. Kady M.S,Anggota DPR RI 2024–2029,Partai Golongan Karya,SULAWESI SELATAN I,119558,Komisi V,Banggar,hamka.kady@dpr.go.id,"PARE-PARE, 10 May 1955","- 1991 — UNIV. HASANUDDIN, AGRI BISNIS; - 1979 — UNIV. HASANUDDIN, EKONOMI; - 1973 — SMEA NEGERI 3; - 1970 — MUHAMMADIYAH; - 1967 — AISIYAH MUHAMMADIYAH",,,,,,"1981 - 1988 — PUSKUD HASANUDDIN, Sebagai: MANAGER PPK; 1981 - 2010 — DOSEN KOPERTIS WILAYAH IX, Sebagai: DOSEN; 1984 - 1985 — PUSKUD HASANUDDIN, Sebagai: DIREKTUR UTAMA; 1991 - 1998 — PUSKUD HASANUDDIN, Sebagai: DIREKTUR OPERASIONAL; 1998 - 2002 — PT. GORO BATARA SAKTI, Sebagai: DIREKTUR OPERASIONAL; 2002 - 2003 — PT. GORO BATARA SAKTI, Sebagai: KOMISARIS; 2002 - 2010 — PERSATUAN SEPAKBOLA SELURUH INDONESIA, Sebagai: DEPUTY ORGANISASI; 2011 - — PT. NUSANTARA HALID, Sebagai: DIREKTUR; 2014 - 2019 — DPR RI, Sebagai: ANGGOTA; 2019 - 2024 — DPR RI, Sebagai: ANGGOTA; Penghargaan; Tidak ada data"
h-a-m-nurdin-halid,H.A.M. Nurdin Halid,Anggota DPR RI 2024–2029,Partai Golongan Karya,SULAWESI SELATAN II,70681,Komisi VI,Wakil Ketua Komisi,muhammad.halid@dpr.go.id,"Watampone, 17 November 1958","- 2923; Universitas Negeri Makassar, Gueu Besar (Profesor) Fakultas Ekonomi; 1964 - 1970 — SD Negeri Apala Watampone; 1971 - 1973 — SMEP Negeri Watampone; 1974 - 1976 — SMEA Negeri Watampone; 1977 - 1982 — IKIP Makassar, Ekonomi Perusahaan",,,,,,"1983 - 1985 — PPK Kabupaten Gowa, Sebagai: Manager; 1985 - 1991 — Puskud Hasanudin Sulsel, Kab. Sidrap, Sebagai: Kepala Perwakilan; 1985 - 1987 — Puskud Hasanudin Sulsel, Sebagai: Wakil Ketua; 1985 - 1987 — PPK Kabupaten Sidrap, Sebagai: Manager; 1987 - 1999 — Puskud Hasanudin Sulsel, Kab. Pinrang, Sebagai: Kepala Perwakilan; 1992 - 1997 — PUSKUD Hasanudin, Sebagai: Direktur Utama; 1997 - 2004 — DPR/MPR RI, Sebagai: Anggota; 1997 - 2003 — PT. Goro Niaga Puskud Hasanudin, Sebagai: Komisaris; 1998 - 2003 — PT. Goro Batara Sakti, Sebagai: KOMISARIS UTAMA; 1998 - 2003 — Induk Koperasi Unit Desa (INKUD), Sebagai: Ketua Umum; 1998 - 2003 — Koperasi Distribusi Indonesia, Sebagai: Ketua Umum; 2007 - 2007 — DPR/MPR RI, Sebagai: Anggota; Penghargaan; 1996 — ASEAN Development Citra Award,; 1997 — BAKTI KOPERASI,; 2007 — AFC Gold Medal (Soccer),"
h-m-taufan-pawe,H.M. Taufan Pawe,Anggota DPR RI 2024–2029,Partai Golongan Karya,SULAWESI SELATAN II,57955,Komisi II,Banggar,muhammad.pawe@dpr.go.id,"Parepare, 14 October 1965","1971 - 1977 — SDN 02 Parepare; 1977 - 1980 — SMP Frater Parepare; 1980 - 1983 — SMAN 1 Parepare; 1985 - 1989 — Universitas Muslim Indonesia (UMI) Makassar, Hukum; 2005 - 2007 — Universitas Hasanudin (UNHAS), MEGISTER HUKUM; 2010 - 2014 — UNIVERSITAS MAKASSAR, HUKUM",,,,,,"1990 - 2013 — PT. Unggul Widya Lestari, Tbl, Sebagai: Konsultan Hukum; 1993 - - — Fakultan Hukum Universitas Muslim Indonesia (UMI) Makassar, Sebagai: Dosen Luar Biasa; 1995 - 2013 — PT. Astra Argo Lestari, Tbk, Sebagai: Konsultan Hukum; 1995 - 2013 — PT. Mamuang, Jakarta, Sebagai: Konsultan Hukum; 1995 - 2013 — PT.Surya Raya Lestari, Jakarta, Sebagai: Konsultan Hukum; 1995 - 2013 — PT. Letawa, Jakarta, Sebagai: Konsultan Hukum; 1995 - 2013 — PT. Pasangkayu, Jakarta, Sebagai: Konsultan Hukum; 1995 - 2013 — PT. Lestari Tani teladan, Jakarta, Sebagai: Konsultan Hukum; 1995 - 2013 — PT. Manakarra Widya Lestari, Sebagai: Konsultan Hukum; 1995 - 2013 — PT. SNCT (PMA), Sebagai: Konsultan Hukum; 2013 - 2018 — Walikota, Sebagai: Walikota Parepare; 2018 - 2023 — Walikota , Sebagai: Walikota Parepare; Penghargaan; 1998 — Amanagappa Award; Dari Perhimpunan Sarjana Hukum Indonesia (PERHASI) Sulawesi Selatan , Penasehat Hukum; 2013 — 258 Penghargaan , Walikota Parepare"
agustina-mangande,Agustina Mangande,Anggota DPR RI 2024–2029,Partai Golongan Karya,SULAWESI SELATAN III,61394,Komisi II,,agustina.mangande@dpr.go.id,"Madandan Matallo, 21 November 1974",1981 - 1987 — SD SWASTA LANGDA; 1987 - 1990 — SMP KATOLIK PATO NONONGAN; 1990 - 1993 — SMAS KATOLIK RANTEPAO,,,,,,Tidak ada data; Penghargaan
ridwan-bae,Ridwan Bae,Anggota DPR RI 2024–2029,Partai Golongan Karya,SULAWESI TENGGARA,84440,Komisi V,Wakil Ketua Komisi,ridwan.bae@dpr.go.id,"RAHA, 01 December 1957","- 2010 — UNIVERSITAS SULAWESI TENGGARA, TEKNIK SIPIL; - 1982 — UNIV. HASANUDDIN, ARSITEKTUR; - 1978 — SMU UMI UJUNG PANDANG; - 1974 — STN BAUBAU; - 1970 — SDN 6 MAMADJANG",,,,,,"1989 - — PT. RAPESA, Sebagai: DIREKTUR UTAMA; 1994 - — PT. JASINI, Sebagai: KOMISARIS; 2000 - — BUPATI MUNA, Sebagai: BUPATI; 2013 - — PT. MIS, Sebagai: DIREKTUR UTAMA; Penghargaan; Tidak ada data"
rusli-habibie,Rusli Habibie,Anggota DPR RI 2024–2029,Partai Golongan Karya,GORONTALO,95379,Komisi XII,,rusli.habibie@dpr.go.id,"GORONTALO, 06 June 1962","1971 - 1976 — SDN 1 TAMALATE GORONTALO; 1976 - 1979 — SMPN KABILA GORONTALO; 1979 - 1982 — SMA TRI DHARMA GORONTALO; 1986 - 1992 — STKS BANDUNG, SARJANA PEKSOS; 2009 - 2011 — STIA LAN MAKASAR, ADMINISTRASI PEMDA",,,,,,"1992 - 1998 — PT. Industri Pesawat Terbang Nusantara, Sebagai: Karyawan; 1999 - 2008 — PT. Cahaya Mandiri Persada Gorontalo, Sebagai: Direktur Utama; 2008 - 2011 — Kabupaten Gorontalo Utara, Sebagai: Bupati; 2012 - 2017 — Pemerintah Provinsi Gorontalo, Sebagai: Gubernur; 2018 - 2020 — Pemerintah Provinsi Gorontalo, Sebagai: Gubernur; Penghargaan; 2002 — Anugerah Indonesia , Yayasan Anugerah Prestasi Indonesia; 2005; Anugerah Tokoh Gorontalo 2005 , PT. Gorontalo Cemerlang Press (PROSES)"
alien-mus,Alien Mus,Anggota DPR RI 2024–2029,Partai Golongan Karya,MALUKU UTARA,70595,Komisi IV,BURT,alien.mus@dpr.go.id,"MALUKU UTARA, 08 August 1987",1993 - 1999 — SD NEGRI GELA; 1999 - 2001 — SMP NEGERI GELA MINTON; 2001 - 2004 — SMA NEGERI 2 BAU-BAU; 2004 - 2008 — INIV AL AZHAR INDONESIA,,,,,,"2014 - 2019 — DPRD Provinsi Maluku Utara , Sebagai: Ketua; Penghargaan; Tidak ada data"
alfons-manibui,Alfons Manibui,Anggota DPR RI 2024–2029,Partai Golongan Karya,PAPUA BARAT,41782,Komisi XII,Bamus,alfons.manibui@dpr.go.id,"Abepura, 19 November 1965","1971 - 1977 — SD Negeri IV Abepura; 1977 - 1981 — SMP Santo Paulus Jayapura; 1981 - 1984 — SMA Negeri I/414 Jayapura, IPA; 1984 - 1990 — Universitas Hasanuddin, Kedokteran Gigi; 1995 - 1996 — Universitas Bordeaux II, Manajemen Perencanaan",,,,,,"1990 - 2003 — Pemda Prov. Papua, Sebagai: ASN; 2003 - 2005 — Pemda Kab. Teluk Bintuni, Sebagai: Sekretaris Daerah; 2005 - 2015 — Pemda Kab. Teluk Bintuni, Sebagai: Bupati; Penghargaan; Tidak ada data"
soedeson-tandra,Soedeson Tandra,Anggota DPR RI 2024–2029,Partai Golongan Karya,PAPUA TENGAH,197995,Komisi III,Banggar,soedeson.tandra@dpr.go.id,"Maluku Tenggara, 04 December 1963","- 2022 — Universitas Surabaya, Pascasarjana Fakultas Hukum; - 2020 — Universitas Gadjah Mada , Doktor Fakultas Hukum; - 1987 — Universitas Surabaya, Sarjanan Fakultas Hukum; 1970 - 1975 — Nasional Katholik Teresia Maluku Tenggara; 1975 - 1978 — Romean Maluku; 1978 - 1982 — Yayasan Perguruan Trisila Surabaya",,,,,,"-; LAW Ofice Tandra & Associates, Sebagai: Managing Partner; Bank Pengkrediytan Rakyat Sinar Terang, Sebagai: Komisaris Utama; Penghargaan; Tidak ada data"
robert-joppy-kardinal,Robert Joppy Kardinal,Anggota DPR RI 2024–2029,Partai Golongan Karya,PAPUA BARAT DAYA,53578,Komisi IV,BKSAP,robert.joppy@dpr.go.id,"Sorong, 07 April 1960","1969 - 1975 — STELLA MARIS SORONG; 1975 - 1978 — SMP DON BOSCO SORONG; 1978 - 1981 — SMA DON BOSCO JAKARTA; 2008 - 2012; UNIVERSITAS 17 AGUSTUS 1945 JAKARTA, ADMINISTRASI BISNIS",,,,,,"-; PT. PRIMA KARYA SEMESTA, Sebagai: DIREKTUR UTAMA; BKSAP Spanyol, Sebagai: Anggota; PT. Sumber Ksrunis Mahaluhur, Sebagai: Komisaris; PT.Papua Timberland Indonesia, Sebagai: Direktur; - - -; PT. SERIATAMA INDOREKA, Sebagai: ASS. DIREKTUR; PT. BENTENG TANGGUH ASL., Sebagai: ASS. DIREKTUR; PT. MEGAH PESONA INDO, Sebagai: DIREKTUR UTAMA; Penghargaan; Tidak ada data"
